2026-10-07 06:08:41 | INFO | log file: /mnt/d/SHL assignment - Harsh Tripathi/logs/transcribe_20261007_060841.log
2026-10-07 06:08:41 | INFO | model=/mnt/d/models/fw-turbo compute_type=float16
2026-10-07 06:09:00 | INFO | train: 769 files, 0 already done, 769 to go
2026-10-07 06:09:04 | INFO | train [1/769] audio_192.wav | 60.5s audio | 96 words | 4.5s | eta 58 min
2026-10-07 06:09:07 | INFO | train [2/769] audio_436.wav | 60.1s audio | 114 words | 2.4s | eta 44 min
2026-10-07 06:09:10 | INFO | train [3/769] audio_447.wav | 60.1s audio | 148 words | 2.8s | eta 42 min
2026-10-07 06:09:11 | INFO | train [4/769] audio_126.wav | 45.1s audio | 103 words | 1.9s | eta 37 min
2026-10-07 06:09:13 | INFO | train [5/769] audio_61.wav | 45.3s audio | 80 words | 1.7s | eta 34 min
2026-10-07 06:09:16 | INFO | train [6/769] audio_639.wav | 60.1s audio | 114 words | 2.5s | eta 34 min
2026-10-07 06:09:17 | INFO | train [7/769] audio_703.wav | 52.2s audio | 79 words | 1.7s | eta 32 min
2026-10-07 06:09:20 | INFO | train [8/769] audio_509.wav | 60.1s audio | 126 words | 2.8s | eta 32 min
2026-10-07 06:09:24 | INFO | train [9/769] audio_672.wav | 60.1s audio | 114 words | 3.5s | eta 34 min
2026-10-07 06:09:27 | INFO | train [10/769] audio_344.wav | 60.1s audio | 118 words | 3.5s | eta 35 min
2026-10-07 06:09:31 | INFO | train [11/769] audio_592.wav | 60.1s audio | 111 words | 3.5s | eta 35 min
2026-10-07 06:09:34 | INFO | train [12/769] audio_705.wav | 60.1s audio | 118 words | 3.0s | eta 36 min
2026-10-07 06:09:36 | INFO | train [13/769] audio_497.wav | 60.1s audio | 75 words | 2.3s | eta 35 min
2026-10-07 06:09:38 | INFO | train [14/769] audio_702.wav | 60.1s audio | 97 words | 2.2s | eta 34 min
2026-10-07 06:09:41 | INFO | train [15/769] audio_598.wav | 60.1s audio | 136 words | 2.6s | eta 34 min
2026-10-07 06:09:42 | INFO | train [16/769] audio_99.wav | 45.1s audio | 83 words | 1.9s | eta 34 min
2026-10-07 06:09:44 | INFO | train [17/769] audio_194.wav | 26.5s audio | 53 words | 1.1s | eta 32 min
2026-10-07 06:09:46 | INFO | train [18/769] audio_5055.wav | 60.1s audio | 48 words | 2.0s | eta 32 min
2026-10-07 06:09:48 | INFO | train [19/769] audio_178.wav | 60.1s audio | 101 words | 2.6s | eta 32 min
2026-10-07 06:09:50 | INFO | train [20/769] audio_609.wav | 46.0s audio | 104 words | 1.9s | eta 31 min
2026-10-07 06:09:52 | INFO | train [21/769] audio_77.wav | 40.0s audio | 96 words | 1.7s | eta 31 min
2026-10-07 06:09:54 | INFO | train [22/769] audio_18.wav | 45.0s audio | 101 words | 1.9s | eta 31 min
2026-10-07 06:09:55 | INFO | train [23/769] audio_9.wav | 45.1s audio | 79 words | 1.8s | eta 30 min
2026-10-07 06:09:57 | INFO | train [24/769] audio_138.wav | 43.0s audio | 79 words | 1.7s | eta 30 min
2026-10-07 06:10:00 | INFO | train [25/769] audio_269.wav | 60.1s audio | 125 words | 2.5s | eta 30 min
2026-10-07 06:10:02 | INFO | train [26/769] audio_717.wav | 60.1s audio | 103 words | 2.6s | eta 30 min
2026-10-07 06:10:07 | INFO | train [27/769] audio_529.wav | 60.1s audio | 130 words | 4.2s | eta 31 min
2026-10-07 06:10:09 | INFO | train [28/769] audio_578.wav | 60.1s audio | 141 words | 2.9s | eta 31 min
2026-10-07 06:10:12 | INFO | train [29/769] audio_171.wav | 60.1s audio | 92 words | 2.6s | eta 31 min
2026-10-07 06:10:15 | INFO | train [30/769] audio_596.wav | 60.1s audio | 120 words | 2.7s | eta 31 min
2026-10-07 06:10:18 | INFO | train [31/769] audio_5066.wav | 60.1s audio | 106 words | 3.3s | eta 31 min
2026-10-07 06:10:21 | INFO | train [32/769] audio_501.wav | 60.1s audio | 134 words | 3.4s | eta 31 min
2026-10-07 06:10:23 | INFO | train [33/769] audio_8.wav | 45.1s audio | 93 words | 2.0s | eta 31 min
2026-10-07 06:10:25 | INFO | train [34/769] audio_84.wav | 45.1s audio | 89 words | 2.0s | eta 31 min
2026-10-07 06:10:27 | INFO | train [35/769] audio_11.wav | 42.7s audio | 77 words | 1.8s | eta 31 min
2026-10-07 06:10:29 | INFO | train [36/769] audio_142.wav | 60.1s audio | 37 words | 2.0s | eta 30 min
2026-10-07 06:10:32 | INFO | train [37/769] audio_610.wav | 46.1s audio | 110 words | 2.2s | eta 30 min
2026-10-07 06:10:34 | INFO | train [38/769] audio_654.wav | 60.1s audio | 107 words | 2.8s | eta 30 min
2026-10-07 06:10:37 | INFO | train [39/769] audio_170.wav | 60.1s audio | 150 words | 3.0s | eta 30 min
2026-10-07 06:10:40 | INFO | train [40/769] audio_255.wav | 60.1s audio | 95 words | 2.2s | eta 30 min
2026-10-07 06:10:42 | INFO | train [41/769] audio_162.wav | 60.1s audio | 93 words | 2.2s | eta 30 min
2026-10-07 06:10:58 | INFO | train [42/769] audio_5069.wav | 60.1s audio | 96 words | 16.1s | eta 34 min
2026-10-07 06:11:00 | INFO | train [43/769] audio_769.wav | 60.1s audio | 102 words | 2.7s | eta 34 min
2026-10-07 06:11:03 | INFO | train [44/769] audio_720.wav | 60.0s audio | 130 words | 2.5s | eta 34 min
2026-10-07 06:11:05 | INFO | train [45/769] audio_623.wav | 60.1s audio | 104 words | 2.4s | eta 34 min
2026-10-07 06:11:08 | INFO | train [46/769] audio_718.wav | 60.1s audio | 104 words | 2.6s | eta 34 min
2026-10-07 06:11:09 | INFO | train [47/769] audio_136.wav | 45.1s audio | 67 words | 1.5s | eta 33 min
2026-10-07 06:11:11 | INFO | train [48/769] audio_119.wav | 45.1s audio | 76 words | 1.9s | eta 33 min
2026-10-07 06:11:14 | INFO | train [49/769] audio_542.wav | 60.1s audio | 115 words | 2.6s | eta 33 min
2026-10-07 06:11:17 | INFO | train [50/769] audio_5073.wav | 60.1s audio | 138 words | 2.8s | eta 33 min
2026-10-07 06:11:19 | INFO | train [51/769] audio_322.wav | 60.1s audio | 108 words | 2.6s | eta 33 min
2026-10-07 06:11:24 | INFO | train [52/769] audio_5039.wav | 60.1s audio | 45 words | 5.1s | eta 33 min
2026-10-07 06:11:27 | INFO | train [53/769] audio_707.wav | 60.1s audio | 115 words | 2.9s | eta 33 min
2026-10-07 06:11:30 | INFO | train [54/769] audio_148.wav | 60.1s audio | 134 words | 3.1s | eta 33 min
2026-10-07 06:11:33 | INFO | train [55/769] audio_316.wav | 60.1s audio | 115 words | 2.6s | eta 33 min
2026-10-07 06:11:36 | INFO | train [56/769] audio_647.wav | 60.1s audio | 123 words | 2.6s | eta 33 min
2026-10-07 06:11:38 | INFO | train [57/769] audio_286.wav | 60.1s audio | 123 words | 2.6s | eta 33 min
2026-10-07 06:11:40 | INFO | train [58/769] audio_92.wav | 41.4s audio | 87 words | 1.6s | eta 33 min
2026-10-07 06:11:42 | INFO | train [59/769] audio_462.wav | 60.1s audio | 88 words | 2.2s | eta 33 min
2026-10-07 06:11:44 | INFO | train [60/769] audio_376.wav | 45.8s audio | 100 words | 1.9s | eta 32 min
2026-10-07 06:11:46 | INFO | train [61/769] audio_76.wav | 45.1s audio | 82 words | 1.7s | eta 32 min
2026-10-07 06:11:48 | INFO | train [62/769] audio_105.wav | 45.1s audio | 78 words | 2.3s | eta 32 min
2026-10-07 06:11:50 | INFO | train [63/769] audio_355.wav | 60.2s audio | 84 words | 2.5s | eta 32 min
2026-10-07 06:11:53 | INFO | train [64/769] audio_663.wav | 60.1s audio | 88 words | 2.6s | eta 32 min
2026-10-07 06:11:56 | INFO | train [65/769] audio_767.wav | 60.1s audio | 113 words | 2.8s | eta 32 min
2026-10-07 06:11:58 | INFO | train [66/769] audio_655.wav | 60.1s audio | 104 words | 2.5s | eta 32 min
2026-10-07 06:12:01 | INFO | train [67/769] audio_372.wav | 60.0s audio | 126 words | 2.7s | eta 32 min
2026-10-07 06:12:04 | INFO | train [68/769] audio_667.wav | 60.1s audio | 132 words | 2.6s | eta 32 min
2026-10-07 06:12:06 | INFO | train [69/769] audio_517.wav | 60.1s audio | 104 words | 2.4s | eta 31 min
2026-10-07 06:12:09 | INFO | train [70/769] audio_765.wav | 60.2s audio | 101 words | 3.1s | eta 32 min
2026-10-07 06:12:11 | INFO | train [71/769] audio_38.wav | 45.1s audio | 85 words | 2.1s | eta 31 min
2026-10-07 06:12:15 | INFO | train [72/769] audio_371.wav | 60.1s audio | 136 words | 3.4s | eta 31 min
2026-10-07 06:12:17 | INFO | train [73/769] audio_507.wav | 60.1s audio | 107 words | 2.8s | eta 31 min
2026-10-07 06:12:24 | INFO | train [74/769] audio_5056.wav | 60.1s audio | 115 words | 6.9s | eta 32 min
2026-10-07 06:12:27 | INFO | train [75/769] audio_282.wav | 60.1s audio | 115 words | 2.5s | eta 32 min
2026-10-07 06:12:29 | INFO | train [76/769] audio_459.wav | 60.1s audio | 115 words | 2.6s | eta 32 min
2026-10-07 06:12:31 | INFO | train [77/769] audio_303.wav | 60.1s audio | 101 words | 2.2s | eta 32 min
2026-10-07 06:12:33 | INFO | train [78/769] audio_297.wav | 43.8s audio | 92 words | 1.7s | eta 32 min
2026-10-07 06:12:36 | INFO | train [79/769] audio_432.wav | 60.1s audio | 116 words | 2.6s | eta 31 min
2026-10-07 06:12:38 | INFO | train [80/769] audio_454.wav | 60.1s audio | 150 words | 2.7s | eta 31 min
2026-10-07 06:12:41 | INFO | train [81/769] audio_482.wav | 60.1s audio | 132 words | 2.6s | eta 31 min
2026-10-07 06:12:43 | INFO | train [82/769] audio_484.wav | 54.3s audio | 94 words | 2.2s | eta 31 min
2026-10-07 06:12:46 | INFO | train [83/769] audio_757.wav | 60.1s audio | 109 words | 2.3s | eta 31 min
2026-10-07 06:12:48 | INFO | train [84/769] audio_773.wav | 60.1s audio | 84 words | 2.2s | eta 31 min
2026-10-07 06:12:51 | INFO | train [85/769] audio_668.wav | 60.1s audio | 127 words | 2.8s | eta 31 min
2026-10-07 06:12:53 | INFO | train [86/769] audio_240.wav | 60.1s audio | 121 words | 2.5s | eta 31 min
2026-10-07 06:12:56 | INFO | train [87/769] audio_163.wav | 60.1s audio | 100 words | 2.4s | eta 31 min
2026-10-07 06:12:58 | INFO | train [88/769] audio_659.wav | 60.1s audio | 135 words | 2.5s | eta 31 min
2026-10-07 06:13:01 | INFO | train [89/769] audio_532.wav | 60.1s audio | 146 words | 3.0s | eta 31 min
2026-10-07 06:13:03 | INFO | train [90/769] audio_464.wav | 60.1s audio | 82 words | 2.0s | eta 31 min
2026-10-07 06:13:05 | INFO | train [91/769] audio_5.wav | 45.1s audio | 114 words | 2.1s | eta 30 min
2026-10-07 06:13:08 | INFO | train [92/769] audio_231.wav | 60.0s audio | 144 words | 2.6s | eta 30 min
2026-10-07 06:13:10 | INFO | train [93/769] audio_384.wav | 60.0s audio | 119 words | 2.6s | eta 30 min
2026-10-07 06:13:12 | INFO | train [94/769] audio_54.wav | 36.4s audio | 98 words | 1.9s | eta 30 min
2026-10-07 06:13:15 | INFO | train [95/769] audio_656.wav | 60.1s audio | 114 words | 2.5s | eta 30 min
2026-10-07 06:13:17 | INFO | train [96/769] audio_444.wav | 60.1s audio | 112 words | 2.7s | eta 30 min
2026-10-07 06:13:24 | INFO | train [97/769] audio_5062.wav | 61.0s audio | 134 words | 6.6s | eta 31 min
2026-10-07 06:13:27 | INFO | train [98/769] audio_312.wav | 60.1s audio | 105 words | 2.8s | eta 30 min
2026-10-07 06:13:29 | INFO | train [99/769] audio_120.wav | 45.0s audio | 67 words | 1.8s | eta 30 min
2026-10-07 06:13:31 | INFO | train [100/769] audio_446.wav | 50.7s audio | 112 words | 2.4s | eta 30 min
2026-10-07 06:13:33 | INFO | train [101/769] audio_546.wav | 60.1s audio | 96 words | 2.4s | eta 30 min
2026-10-07 06:13:36 | INFO | train [102/769] audio_430.wav | 60.1s audio | 125 words | 2.5s | eta 30 min
2026-10-07 06:13:38 | INFO | train [103/769] audio_179.wav | 60.1s audio | 79 words | 2.3s | eta 30 min
2026-10-07 06:13:41 | INFO | train [104/769] audio_674.wav | 60.1s audio | 133 words | 2.7s | eta 30 min
2026-10-07 06:13:43 | INFO | train [105/769] audio_737.wav | 60.1s audio | 93 words | 2.2s | eta 30 min
2026-10-07 06:13:46 | INFO | train [106/769] audio_669.wav | 60.1s audio | 136 words | 2.9s | eta 30 min
2026-10-07 06:13:49 | INFO | train [107/769] audio_540.wav | 60.1s audio | 137 words | 2.7s | eta 30 min
2026-10-07 06:13:51 | INFO | train [108/769] audio_692.wav | 44.8s audio | 157 words | 2.5s | eta 30 min
2026-10-07 06:13:54 | INFO | train [109/769] audio_572.wav | 54.8s audio | 119 words | 2.5s | eta 30 min
2026-10-07 06:13:56 | INFO | train [110/769] audio_479.wav | 60.6s audio | 98 words | 2.2s | eta 30 min
2026-10-07 06:13:58 | INFO | train [111/769] audio_419.wav | 60.7s audio | 88 words | 2.0s | eta 29 min
2026-10-07 06:14:00 | INFO | train [112/769] audio_5037.wav | 45.1s audio | 123 words | 2.0s | eta 29 min
2026-10-07 06:14:02 | INFO | train [113/769] audio_433.wav | 60.1s audio | 125 words | 2.2s | eta 29 min
2026-10-07 06:14:04 | INFO | train [114/769] audio_405.wav | 60.1s audio | 137 words | 2.4s | eta 29 min
2026-10-07 06:14:06 | INFO | train [115/769] audio_267.wav | 60.1s audio | 73 words | 2.0s | eta 29 min
2026-10-07 06:14:09 | INFO | train [116/769] audio_358.wav | 60.1s audio | 159 words | 2.8s | eta 29 min
2026-10-07 06:14:12 | INFO | train [117/769] audio_331.wav | 60.0s audio | 127 words | 2.7s | eta 29 min
2026-10-07 06:14:14 | INFO | train [118/769] audio_487.wav | 60.1s audio | 81 words | 2.1s | eta 29 min
2026-10-07 06:14:17 | INFO | train [119/769] audio_494.wav | 60.1s audio | 142 words | 2.9s | eta 29 min
2026-10-07 06:14:19 | INFO | train [120/769] audio_536.wav | 54.2s audio | 105 words | 2.2s | eta 29 min
2026-10-07 06:14:21 | INFO | train [121/769] audio_634.wav | 60.1s audio | 112 words | 2.5s | eta 29 min
2026-10-07 06:14:24 | INFO | train [122/769] audio_317.wav | 60.1s audio | 139 words | 2.5s | eta 29 min
2026-10-07 06:14:27 | INFO | train [123/769] audio_5054.wav | 58.7s audio | 124 words | 2.9s | eta 29 min
2026-10-07 06:14:30 | INFO | train [124/769] audio_723.wav | 60.1s audio | 142 words | 2.6s | eta 29 min
2026-10-07 06:14:32 | INFO | train [125/769] audio_155.wav | 60.1s audio | 129 words | 2.5s | eta 29 min
2026-10-07 06:14:34 | INFO | train [126/769] audio_410.wav | 46.2s audio | 98 words | 2.0s | eta 28 min
2026-10-07 06:14:35 | INFO | train [127/769] audio_251.wav | 20.1s audio | 30 words | 0.6s | eta 28 min
2026-10-07 06:14:37 | INFO | train [128/769] audio_779.wav | 60.1s audio | 137 words | 2.8s | eta 28 min
2026-10-07 06:14:40 | INFO | train [129/769] audio_382.wav | 60.1s audio | 133 words | 2.5s | eta 28 min
2026-10-07 06:14:42 | INFO | train [130/769] audio_559.wav | 60.1s audio | 62 words | 2.1s | eta 28 min
2026-10-07 06:14:44 | INFO | train [131/769] audio_161.wav | 60.1s audio | 44 words | 1.8s | eta 28 min
2026-10-07 06:14:47 | INFO | train [132/769] audio_535.wav | 60.1s audio | 141 words | 2.7s | eta 28 min
2026-10-07 06:14:48 | INFO | train [133/769] audio_363.wav | 44.1s audio | 79 words | 1.7s | eta 28 min
2026-10-07 06:14:51 | INFO | train [134/769] audio_5057.wav | 60.1s audio | 129 words | 2.5s | eta 28 min
2026-10-07 06:14:53 | INFO | train [135/769] audio_660.wav | 60.1s audio | 124 words | 2.6s | eta 28 min
2026-10-07 06:14:56 | INFO | train [136/769] audio_293.wav | 60.1s audio | 140 words | 2.8s | eta 28 min
2026-10-07 06:14:58 | INFO | train [137/769] audio_74.wav | 45.1s audio | 90 words | 1.8s | eta 28 min
2026-10-07 06:15:01 | INFO | train [138/769] audio_215.wav | 60.1s audio | 144 words | 2.7s | eta 27 min
2026-10-07 06:15:03 | INFO | train [139/769] audio_228.wav | 60.2s audio | 70 words | 2.1s | eta 27 min
2026-10-07 06:15:05 | INFO | train [140/769] audio_602.wav | 60.0s audio | 123 words | 2.4s | eta 27 min
2026-10-07 06:15:08 | INFO | train [141/769] audio_396.wav | 60.1s audio | 143 words | 2.5s | eta 27 min
2026-10-07 06:15:10 | INFO | train [142/769] audio_576.wav | 60.1s audio | 118 words | 2.5s | eta 27 min
2026-10-07 06:15:13 | INFO | train [143/769] audio_5040.wav | 60.1s audio | 129 words | 2.6s | eta 27 min
2026-10-07 06:15:15 | INFO | train [144/769] audio_198.wav | 60.0s audio | 78 words | 2.3s | eta 27 min
2026-10-07 06:15:17 | INFO | train [145/769] audio_600.wav | 60.1s audio | 125 words | 2.4s | eta 27 min
2026-10-07 06:15:19 | INFO | train [146/769] audio_710.wav | 60.1s audio | 81 words | 2.1s | eta 27 min
2026-10-07 06:15:21 | INFO | train [147/769] audio_246.wav | 60.1s audio | 78 words | 2.0s | eta 27 min
2026-10-07 06:15:24 | INFO | train [148/769] audio_490.wav | 60.1s audio | 126 words | 2.5s | eta 27 min
2026-10-07 06:15:26 | INFO | train [149/769] audio_657.wav | 60.1s audio | 101 words | 2.5s | eta 27 min
2026-10-07 06:15:30 | INFO | train [150/769] audio_688.wav | 61.0s audio | 69 words | 3.2s | eta 27 min
2026-10-07 06:15:32 | INFO | train [151/769] audio_698.wav | 60.1s audio | 103 words | 2.4s | eta 27 min
2026-10-07 06:15:34 | INFO | train [152/769] audio_499.wav | 60.1s audio | 74 words | 2.0s | eta 27 min
2026-10-07 06:15:36 | INFO | train [153/769] audio_463.wav | 60.1s audio | 83 words | 2.1s | eta 27 min
2026-10-07 06:15:39 | INFO | train [154/769] audio_604.wav | 60.1s audio | 117 words | 3.0s | eta 27 min
2026-10-07 06:15:42 | INFO | train [155/769] audio_97.wav | 45.1s audio | 121 words | 2.4s | eta 27 min
2026-10-07 06:15:44 | INFO | train [156/769] audio_234.wav | 60.1s audio | 72 words | 2.5s | eta 26 min
2026-10-07 06:15:47 | INFO | train [157/769] audio_782.wav | 60.7s audio | 112 words | 2.8s | eta 26 min
2026-10-07 06:15:49 | INFO | train [158/769] audio_758.wav | 55.6s audio | 80 words | 2.5s | eta 26 min
2026-10-07 06:15:53 | INFO | train [159/769] audio_727.wav | 60.1s audio | 135 words | 3.2s | eta 26 min
2026-10-07 06:16:01 | INFO | train [160/769] audio_643.wav | 60.1s audio | 36 words | 8.4s | eta 27 min
2026-10-07 06:16:03 | INFO | train [161/769] audio_261.wav | 60.0s audio | 91 words | 2.1s | eta 27 min
2026-10-07 06:16:06 | INFO | train [162/769] audio_205.wav | 60.1s audio | 110 words | 2.4s | eta 27 min
2026-10-07 06:16:07 | INFO | train [163/769] audio_128.wav | 45.1s audio | 107 words | 1.8s | eta 26 min
2026-10-07 06:16:10 | INFO | train [164/769] audio_650.wav | 61.0s audio | 142 words | 2.5s | eta 26 min
2026-10-07 06:16:12 | INFO | train [165/769] audio_35.wav | 45.1s audio | 126 words | 2.2s | eta 26 min
2026-10-07 06:16:14 | INFO | train [166/769] audio_141.wav | 60.1s audio | 82 words | 2.3s | eta 26 min
2026-10-07 06:16:16 | INFO | train [167/769] audio_260.wav | 60.1s audio | 99 words | 2.2s | eta 26 min
2026-10-07 06:16:19 | INFO | train [168/769] audio_722.wav | 60.0s audio | 144 words | 2.9s | eta 26 min
2026-10-07 06:16:22 | INFO | train [169/769] audio_5047.wav | 58.6s audio | 113 words | 3.0s | eta 26 min
2026-10-07 06:16:26 | INFO | train [170/769] audio_324.wav | 60.1s audio | 114 words | 3.1s | eta 26 min
2026-10-07 06:16:29 | INFO | train [171/769] audio_279.wav | 60.1s audio | 149 words | 3.0s | eta 26 min
2026-10-07 06:16:31 | INFO | train [172/769] audio_450.wav | 49.6s audio | 103 words | 2.2s | eta 26 min
2026-10-07 06:16:33 | INFO | train [173/769] audio_32.wav | 43.1s audio | 110 words | 2.0s | eta 26 min
2026-10-07 06:16:35 | INFO | train [174/769] audio_254.wav | 60.1s audio | 61 words | 2.1s | eta 26 min
2026-10-07 06:16:38 | INFO | train [175/769] audio_544.wav | 60.1s audio | 91 words | 2.8s | eta 26 min
2026-10-07 06:16:41 | INFO | train [176/769] audio_176.wav | 60.0s audio | 118 words | 3.0s | eta 26 min
2026-10-07 06:16:43 | INFO | train [177/769] audio_301.wav | 60.1s audio | 87 words | 2.2s | eta 26 min
2026-10-07 06:16:46 | INFO | train [178/769] audio_213.wav | 60.1s audio | 147 words | 2.7s | eta 26 min
2026-10-07 06:16:48 | INFO | train [179/769] audio_295.wav | 60.1s audio | 125 words | 2.4s | eta 26 min
2026-10-07 06:16:50 | INFO | train [180/769] audio_40.wav | 45.1s audio | 99 words | 1.9s | eta 26 min
2026-10-07 06:16:52 | INFO | train [181/769] audio_496.wav | 60.1s audio | 91 words | 2.5s | eta 26 min
2026-10-07 06:16:54 | INFO | train [182/769] audio_45.wav | 38.9s audio | 86 words | 1.7s | eta 25 min
2026-10-07 06:16:57 | INFO | train [183/769] audio_146.wav | 60.1s audio | 122 words | 2.8s | eta 25 min
2026-10-07 06:16:58 | INFO | train [184/769] audio_415.wav | 44.0s audio | 73 words | 1.5s | eta 25 min
2026-10-07 06:17:01 | INFO | train [185/769] audio_595.wav | 60.1s audio | 86 words | 2.4s | eta 25 min
2026-10-07 06:17:03 | INFO | train [186/769] audio_783.wav | 60.0s audio | 144 words | 2.7s | eta 25 min
2026-10-07 06:17:06 | INFO | train [187/769] audio_673.wav | 60.1s audio | 119 words | 3.0s | eta 25 min
2026-10-07 06:17:08 | INFO | train [188/769] audio_48.wav | 45.1s audio | 74 words | 1.5s | eta 25 min
2026-10-07 06:17:10 | INFO | train [189/769] audio_777.wav | 60.1s audio | 65 words | 2.0s | eta 25 min
2026-10-07 06:17:12 | INFO | train [190/769] audio_330.wav | 60.2s audio | 96 words | 2.3s | eta 25 min
2026-10-07 06:17:15 | INFO | train [191/769] audio_200.wav | 60.1s audio | 77 words | 2.7s | eta 25 min
2026-10-07 06:17:17 | INFO | train [192/769] audio_259.wav | 60.1s audio | 79 words | 2.3s | eta 25 min
2026-10-07 06:17:20 | INFO | train [193/769] audio_721.wav | 60.1s audio | 94 words | 2.7s | eta 25 min
2026-10-07 06:17:22 | INFO | train [194/769] audio_223.wav | 58.0s audio | 103 words | 2.3s | eta 25 min
2026-10-07 06:17:25 | INFO | train [195/769] audio_175.wav | 60.1s audio | 143 words | 2.8s | eta 25 min
2026-10-07 06:17:27 | INFO | train [196/769] audio_400.wav | 34.3s audio | 62 words | 1.5s | eta 25 min
2026-10-07 06:17:29 | INFO | train [197/769] audio_506.wav | 60.1s audio | 119 words | 2.5s | eta 25 min
2026-10-07 06:17:31 | INFO | train [198/769] audio_153.wav | 60.1s audio | 114 words | 2.3s | eta 25 min
2026-10-07 06:17:34 | INFO | train [199/769] audio_5050.wav | 60.1s audio | 125 words | 2.7s | eta 25 min
2026-10-07 06:17:37 | INFO | train [200/769] audio_281.wav | 60.1s audio | 111 words | 2.4s | eta 25 min
2026-10-07 06:17:40 | INFO | train [201/769] audio_543.wav | 60.1s audio | 115 words | 3.0s | eta 24 min
2026-10-07 06:17:42 | INFO | train [202/769] audio_445.wav | 60.1s audio | 121 words | 2.8s | eta 24 min
2026-10-07 06:17:44 | INFO | train [203/769] audio_124.wav | 45.0s audio | 94 words | 1.8s | eta 24 min
2026-10-07 06:17:45 | INFO | train [204/769] audio_249.wav | 20.8s audio | 38 words | 0.8s | eta 24 min
2026-10-07 06:17:48 | INFO | train [205/769] audio_420.wav | 60.1s audio | 90 words | 2.5s | eta 24 min
2026-10-07 06:17:51 | INFO | train [206/769] audio_203.wav | 60.1s audio | 132 words | 3.0s | eta 24 min
2026-10-07 06:17:52 | INFO | train [207/769] audio_278.wav | 40.9s audio | 67 words | 1.7s | eta 24 min
2026-10-07 06:17:55 | INFO | train [208/769] audio_516.wav | 60.1s audio | 119 words | 2.7s | eta 24 min
2026-10-07 06:17:56 | INFO | train [209/769] audio_326.wav | 25.3s audio | 75 words | 1.3s | eta 24 min
2026-10-07 06:17:59 | INFO | train [210/769] audio_603.wav | 60.1s audio | 118 words | 2.9s | eta 24 min
2026-10-07 06:18:02 | INFO | train [211/769] audio_199.wav | 60.1s audio | 87 words | 2.5s | eta 24 min
2026-10-07 06:18:03 | INFO | train [212/769] audio_406.wav | 55.6s audio | 55 words | 1.6s | eta 24 min
2026-10-07 06:18:06 | INFO | train [213/769] audio_538.wav | 60.1s audio | 139 words | 3.0s | eta 24 min
2026-10-07 06:18:09 | INFO | train [214/769] audio_631.wav | 54.4s audio | 136 words | 2.5s | eta 24 min
2026-10-07 06:18:12 | INFO | train [215/769] audio_5061.wav | 60.1s audio | 110 words | 3.0s | eta 24 min
2026-10-07 06:18:13 | INFO | train [216/769] audio_196.wav | 26.5s audio | 50 words | 1.1s | eta 24 min
2026-10-07 06:18:16 | INFO | train [217/769] audio_756.wav | 60.1s audio | 129 words | 2.9s | eta 24 min
2026-10-07 06:18:18 | INFO | train [218/769] audio_649.wav | 61.0s audio | 126 words | 2.7s | eta 24 min
2026-10-07 06:18:20 | INFO | train [219/769] audio_27.wav | 45.0s audio | 75 words | 1.7s | eta 23 min
2026-10-07 06:18:23 | INFO | train [220/769] audio_681.wav | 60.1s audio | 102 words | 2.7s | eta 23 min
2026-10-07 06:18:26 | INFO | train [221/769] audio_556.wav | 60.1s audio | 70 words | 2.7s | eta 23 min
2026-10-07 06:18:29 | INFO | train [222/769] audio_185.wav | 60.1s audio | 73 words | 3.0s | eta 23 min
2026-10-07 06:18:32 | INFO | train [223/769] audio_369.wav | 60.0s audio | 124 words | 3.0s | eta 23 min
2026-10-07 06:18:34 | INFO | train [224/769] audio_241.wav | 60.1s audio | 142 words | 2.9s | eta 23 min
2026-10-07 06:18:36 | INFO | train [225/769] audio_98.wav | 45.1s audio | 72 words | 1.8s | eta 23 min
2026-10-07 06:18:39 | INFO | train [226/769] audio_389.wav | 60.1s audio | 129 words | 3.0s | eta 23 min
2026-10-07 06:18:42 | INFO | train [227/769] audio_357.wav | 60.1s audio | 84 words | 2.7s | eta 23 min
2026-10-07 06:18:46 | INFO | train [228/769] audio_112.wav | 45.1s audio | 100 words | 3.6s | eta 23 min
2026-10-07 06:18:50 | INFO | train [229/769] audio_675.wav | 60.1s audio | 143 words | 4.5s | eta 23 min
2026-10-07 06:18:52 | INFO | train [230/769] audio_113.wav | 45.1s audio | 91 words | 2.4s | eta 23 min
2026-10-07 06:18:57 | INFO | train [231/769] audio_483.wav | 60.1s audio | 133 words | 4.4s | eta 23 min
2026-10-07 06:19:00 | INFO | train [232/769] audio_474.wav | 60.1s audio | 73 words | 3.0s | eta 23 min
2026-10-07 06:19:03 | INFO | train [233/769] audio_725.wav | 58.9s audio | 103 words | 2.9s | eta 23 min
2026-10-07 06:19:06 | INFO | train [234/769] audio_774.wav | 60.1s audio | 92 words | 3.0s | eta 23 min
2026-10-07 06:19:09 | INFO | train [235/769] audio_588.wav | 60.1s audio | 102 words | 2.7s | eta 23 min
2026-10-07 06:19:12 | INFO | train [236/769] audio_395.wav | 60.1s audio | 143 words | 3.1s | eta 23 min
2026-10-07 06:19:16 | INFO | train [237/769] audio_210.wav | 60.1s audio | 148 words | 4.5s | eta 23 min
2026-10-07 06:19:19 | INFO | train [238/769] audio_309.wav | 61.0s audio | 113 words | 2.7s | eta 23 min
2026-10-07 06:19:21 | INFO | train [239/769] audio_457.wav | 60.1s audio | 119 words | 2.5s | eta 23 min
2026-10-07 06:19:24 | INFO | train [240/769] audio_492.wav | 60.1s audio | 131 words | 2.7s | eta 23 min
2026-10-07 06:19:26 | INFO | train [241/769] audio_738.wav | 61.0s audio | 88 words | 2.3s | eta 23 min
2026-10-07 06:19:29 | INFO | train [242/769] audio_305.wav | 60.1s audio | 142 words | 3.1s | eta 23 min
2026-10-07 06:19:32 | INFO | train [243/769] audio_123.wav | 45.1s audio | 95 words | 2.4s | eta 23 min
2026-10-07 06:19:34 | INFO | train [244/769] audio_5053.wav | 60.1s audio | 83 words | 2.4s | eta 23 min
2026-10-07 06:19:36 | INFO | train [245/769] audio_89.wav | 42.5s audio | 90 words | 1.7s | eta 23 min
2026-10-07 06:19:38 | INFO | train [246/769] audio_747.wav | 60.1s audio | 84 words | 2.4s | eta 23 min
2026-10-07 06:19:40 | INFO | train [247/769] audio_115.wav | 45.1s audio | 77 words | 1.9s | eta 23 min
2026-10-07 06:19:43 | INFO | train [248/769] audio_235.wav | 60.0s audio | 93 words | 2.8s | eta 23 min
2026-10-07 06:19:46 | INFO | train [249/769] audio_414.wav | 60.1s audio | 105 words | 2.6s | eta 22 min
2026-10-07 06:19:48 | INFO | train [250/769] audio_56.wav | 45.1s audio | 104 words | 2.4s | eta 22 min
2026-10-07 06:19:50 | INFO | train [251/769] audio_43.wav | 45.1s audio | 103 words | 2.0s | eta 22 min
2026-10-07 06:19:53 | INFO | train [252/769] audio_394.wav | 60.1s audio | 133 words | 2.9s | eta 22 min
2026-10-07 06:19:56 | INFO | train [253/769] audio_423.wav | 60.1s audio | 136 words | 3.4s | eta 22 min
2026-10-07 06:19:59 | INFO | train [254/769] audio_579.wav | 60.0s audio | 105 words | 2.6s | eta 22 min
2026-10-07 06:20:02 | INFO | train [255/769] audio_172.wav | 60.1s audio | 117 words | 3.1s | eta 22 min
2026-10-07 06:20:05 | INFO | train [256/769] audio_144.wav | 60.1s audio | 127 words | 2.7s | eta 22 min
2026-10-07 06:20:07 | INFO | train [257/769] audio_151.wav | 59.9s audio | 96 words | 2.7s | eta 22 min
2026-10-07 06:20:10 | INFO | train [258/769] audio_65.wav | 60.1s audio | 80 words | 2.2s | eta 22 min
2026-10-07 06:20:12 | INFO | train [259/769] audio_481.wav | 60.7s audio | 102 words | 2.4s | eta 22 min
2026-10-07 06:20:15 | INFO | train [260/769] audio_262.wav | 60.1s audio | 115 words | 2.7s | eta 22 min
2026-10-07 06:20:17 | INFO | train [261/769] audio_229.wav | 46.6s audio | 86 words | 1.9s | eta 22 min
2026-10-07 06:20:19 | INFO | train [262/769] audio_22.wav | 45.1s audio | 101 words | 2.0s | eta 22 min
2026-10-07 06:20:21 | INFO | train [263/769] audio_434.wav | 60.1s audio | 141 words | 2.7s | eta 22 min
2026-10-07 06:20:24 | INFO | train [264/769] audio_488.wav | 60.1s audio | 132 words | 2.4s | eta 22 min
2026-10-07 06:20:26 | INFO | train [265/769] audio_439.wav | 60.1s audio | 97 words | 2.3s | eta 22 min
2026-10-07 06:20:29 | INFO | train [266/769] audio_160.wav | 60.1s audio | 105 words | 2.5s | eta 22 min
2026-10-07 06:20:31 | INFO | train [267/769] audio_594.wav | 60.1s audio | 105 words | 2.7s | eta 22 min
2026-10-07 06:20:34 | INFO | train [268/769] audio_651.wav | 61.0s audio | 104 words | 2.4s | eta 22 min
2026-10-07 06:20:36 | INFO | train [269/769] audio_569.wav | 60.1s audio | 117 words | 2.4s | eta 22 min
2026-10-07 06:20:39 | INFO | train [270/769] audio_440.wav | 60.1s audio | 89 words | 2.4s | eta 22 min
2026-10-07 06:20:41 | INFO | train [271/769] audio_658.wav | 60.1s audio | 119 words | 2.6s | eta 21 min
2026-10-07 06:20:43 | INFO | train [272/769] audio_274.wav | 39.1s audio | 53 words | 1.3s | eta 21 min
2026-10-07 06:20:46 | INFO | train [273/769] audio_5065.wav | 60.1s audio | 150 words | 3.3s | eta 21 min
2026-10-07 06:20:48 | INFO | train [274/769] audio_158.wav | 60.1s audio | 118 words | 2.4s | eta 21 min
2026-10-07 06:20:51 | INFO | train [275/769] audio_493.wav | 60.1s audio | 105 words | 2.8s | eta 21 min
2026-10-07 06:20:54 | INFO | train [276/769] audio_646.wav | 60.1s audio | 143 words | 3.0s | eta 21 min
2026-10-07 06:20:56 | INFO | train [277/769] audio_64.wav | 60.1s audio | 70 words | 2.3s | eta 21 min
2026-10-07 06:20:59 | INFO | train [278/769] audio_451.wav | 59.6s audio | 86 words | 2.4s | eta 21 min
2026-10-07 06:21:01 | INFO | train [279/769] audio_277.wav | 60.1s audio | 105 words | 2.5s | eta 21 min
2026-10-07 06:21:04 | INFO | train [280/769] audio_491.wav | 60.1s audio | 92 words | 2.6s | eta 21 min
2026-10-07 06:21:06 | INFO | train [281/769] audio_52.wav | 45.1s audio | 123 words | 2.1s | eta 21 min
2026-10-07 06:21:07 | INFO | train [282/769] audio_743.wav | 24.1s audio | 32 words | 0.8s | eta 21 min
2026-10-07 06:21:09 | INFO | train [283/769] audio_243.wav | 60.1s audio | 74 words | 2.1s | eta 21 min
2026-10-07 06:21:11 | INFO | train [284/769] audio_661.wav | 60.1s audio | 82 words | 2.3s | eta 21 min
2026-10-07 06:21:13 | INFO | train [285/769] audio_456.wav | 60.1s audio | 109 words | 2.4s | eta 21 min
2026-10-07 06:21:15 | INFO | train [286/769] audio_90.wav | 39.3s audio | 85 words | 1.7s | eta 21 min
2026-10-07 06:21:17 | INFO | train [287/769] audio_735.wav | 60.1s audio | 51 words | 1.9s | eta 21 min
2026-10-07 06:21:19 | INFO | train [288/769] audio_775.wav | 60.1s audio | 79 words | 2.2s | eta 21 min
2026-10-07 06:21:22 | INFO | train [289/769] audio_587.wav | 60.1s audio | 120 words | 2.7s | eta 21 min
2026-10-07 06:21:23 | INFO | train [290/769] audio_103.wav | 45.1s audio | 85 words | 1.7s | eta 20 min
2026-10-07 06:21:25 | INFO | train [291/769] audio_111.wav | 44.6s audio | 95 words | 1.9s | eta 20 min
2026-10-07 06:21:28 | INFO | train [292/769] audio_421.wav | 60.1s audio | 100 words | 2.3s | eta 20 min
2026-10-07 06:21:31 | INFO | train [293/769] audio_683.wav | 60.1s audio | 138 words | 3.1s | eta 20 min
2026-10-07 06:21:33 | INFO | train [294/769] audio_152.wav | 60.1s audio | 114 words | 2.6s | eta 20 min
2026-10-07 06:21:35 | INFO | train [295/769] audio_134.wav | 45.0s audio | 81 words | 1.6s | eta 20 min
2026-10-07 06:21:37 | INFO | train [296/769] audio_12.wav | 45.1s audio | 97 words | 2.4s | eta 20 min
2026-10-07 06:21:39 | INFO | train [297/769] audio_232.wav | 60.0s audio | 74 words | 2.0s | eta 20 min
2026-10-07 06:21:41 | INFO | train [298/769] audio_36.wav | 45.1s audio | 86 words | 1.8s | eta 20 min
2026-10-07 06:21:43 | INFO | train [299/769] audio_268.wav | 60.1s audio | 65 words | 2.1s | eta 20 min
2026-10-07 06:21:47 | INFO | train [300/769] audio_68.wav | 59.2s audio | 61 words | 3.9s | eta 20 min
2026-10-07 06:21:49 | INFO | train [301/769] audio_729.wav | 60.1s audio | 75 words | 2.3s | eta 20 min
2026-10-07 06:21:52 | INFO | train [302/769] audio_247.wav | 51.6s audio | 102 words | 2.4s | eta 20 min
2026-10-07 06:21:54 | INFO | train [303/769] audio_224.wav | 52.1s audio | 58 words | 2.0s | eta 20 min
2026-10-07 06:21:56 | INFO | train [304/769] audio_425.wav | 60.1s audio | 113 words | 2.4s | eta 20 min
2026-10-07 06:22:00 | INFO | train [305/769] audio_392.wav | 60.1s audio | 153 words | 3.4s | eta 20 min
2026-10-07 06:22:03 | INFO | train [306/769] audio_615.wav | 60.1s audio | 131 words | 3.0s | eta 20 min
2026-10-07 06:22:05 | INFO | train [307/769] audio_245.wav | 60.1s audio | 100 words | 2.3s | eta 20 min
2026-10-07 06:22:07 | INFO | train [308/769] audio_271.wav | 60.1s audio | 88 words | 2.2s | eta 20 min
2026-10-07 06:22:10 | INFO | train [309/769] audio_321.wav | 60.1s audio | 126 words | 2.8s | eta 20 min
2026-10-07 06:22:14 | INFO | train [310/769] audio_5043.wav | 60.1s audio | 149 words | 4.0s | eta 20 min
2026-10-07 06:22:17 | INFO | train [311/769] audio_187.wav | 60.1s audio | 150 words | 2.7s | eta 20 min
2026-10-07 06:22:19 | INFO | train [312/769] audio_221.wav | 60.1s audio | 141 words | 2.7s | eta 20 min
2026-10-07 06:22:22 | INFO | train [313/769] audio_219.wav | 60.1s audio | 150 words | 3.0s | eta 19 min
2026-10-07 06:22:25 | INFO | train [314/769] audio_601.wav | 60.1s audio | 132 words | 2.3s | eta 19 min
2026-10-07 06:22:26 | INFO | train [315/769] audio_100.wav | 45.1s audio | 103 words | 1.7s | eta 19 min
2026-10-07 06:22:29 | INFO | train [316/769] audio_227.wav | 55.3s audio | 123 words | 2.1s | eta 19 min
2026-10-07 06:22:31 | INFO | train [317/769] audio_411.wav | 60.1s audio | 86 words | 2.2s | eta 19 min
2026-10-07 06:22:33 | INFO | train [318/769] audio_28.wav | 44.1s audio | 125 words | 2.2s | eta 19 min
2026-10-07 06:22:39 | INFO | train [319/769] audio_653.wav | 60.1s audio | 92 words | 6.3s | eta 19 min
2026-10-07 06:22:41 | INFO | train [320/769] audio_29.wav | 45.1s audio | 119 words | 2.1s | eta 19 min
2026-10-07 06:22:44 | INFO | train [321/769] audio_470.wav | 60.1s audio | 117 words | 2.4s | eta 19 min
2026-10-07 06:22:46 | INFO | train [322/769] audio_356.wav | 59.1s audio | 93 words | 2.6s | eta 19 min
2026-10-07 06:22:49 | INFO | train [323/769] audio_365.wav | 60.1s audio | 82 words | 2.1s | eta 19 min
2026-10-07 06:22:50 | INFO | train [324/769] audio_58.wav | 45.1s audio | 83 words | 1.6s | eta 19 min
2026-10-07 06:22:52 | INFO | train [325/769] audio_708.wav | 60.1s audio | 96 words | 2.1s | eta 19 min
2026-10-07 06:22:55 | INFO | train [326/769] audio_319.wav | 60.1s audio | 123 words | 2.6s | eta 19 min
2026-10-07 06:22:57 | INFO | train [327/769] audio_5067.wav | 44.9s audio | 78 words | 1.8s | eta 19 min
2026-10-07 06:22:59 | INFO | train [328/769] audio_135.wav | 45.1s audio | 80 words | 2.2s | eta 19 min
2026-10-07 06:23:00 | INFO | train [329/769] audio_612.wav | 52.8s audio | 69 words | 1.6s | eta 19 min
2026-10-07 06:23:03 | INFO | train [330/769] audio_373.wav | 60.0s audio | 118 words | 2.4s | eta 19 min
2026-10-07 06:23:05 | INFO | train [331/769] audio_680.wav | 60.1s audio | 104 words | 2.4s | eta 19 min
2026-10-07 06:23:07 | INFO | train [332/769] audio_63.wav | 45.0s audio | 108 words | 1.8s | eta 19 min
2026-10-07 06:23:09 | INFO | train [333/769] audio_700.wav | 60.1s audio | 109 words | 2.2s | eta 19 min
2026-10-07 06:23:12 | INFO | train [334/769] audio_429.wav | 60.1s audio | 134 words | 2.6s | eta 18 min
2026-10-07 06:23:14 | INFO | train [335/769] audio_745.wav | 61.0s audio | 115 words | 2.7s | eta 18 min
2026-10-07 06:23:16 | INFO | train [336/769] audio_731.wav | 60.0s audio | 54 words | 1.8s | eta 18 min
2026-10-07 06:23:19 | INFO | train [337/769] audio_461.wav | 60.1s audio | 126 words | 2.4s | eta 18 min
2026-10-07 06:23:20 | INFO | train [338/769] audio_79.wav | 45.1s audio | 76 words | 1.7s | eta 18 min
2026-10-07 06:23:23 | INFO | train [339/769] audio_5038.wav | 60.1s audio | 131 words | 2.7s | eta 18 min
2026-10-07 06:23:25 | INFO | train [340/769] audio_760.wav | 60.1s audio | 134 words | 2.4s | eta 18 min
2026-10-07 06:23:27 | INFO | train [341/769] audio_72.wav | 45.1s audio | 106 words | 1.9s | eta 18 min
2026-10-07 06:23:30 | INFO | train [342/769] audio_696.wav | 60.1s audio | 125 words | 2.5s | eta 18 min
2026-10-07 06:23:31 | INFO | train [343/769] audio_744.wav | 44.7s audio | 60 words | 1.4s | eta 18 min
2026-10-07 06:23:34 | INFO | train [344/769] audio_662.wav | 60.1s audio | 91 words | 2.7s | eta 18 min
2026-10-07 06:23:36 | INFO | train [345/769] audio_570.wav | 60.1s audio | 108 words | 2.5s | eta 18 min
2026-10-07 06:23:38 | INFO | train [346/769] audio_10.wav | 36.1s audio | 81 words | 1.6s | eta 18 min
2026-10-07 06:23:40 | INFO | train [347/769] audio_628.wav | 60.1s audio | 121 words | 2.4s | eta 18 min
2026-10-07 06:23:43 | INFO | train [348/769] audio_606.wav | 60.1s audio | 134 words | 2.6s | eta 18 min
2026-10-07 06:23:45 | INFO | train [349/769] audio_73.wav | 45.1s audio | 122 words | 1.9s | eta 18 min
2026-10-07 06:23:47 | INFO | train [350/769] audio_605.wav | 60.1s audio | 122 words | 2.4s | eta 18 min
2026-10-07 06:23:49 | INFO | train [351/769] audio_106.wav | 45.1s audio | 87 words | 1.7s | eta 18 min
2026-10-07 06:23:52 | INFO | train [352/769] audio_306.wav | 60.0s audio | 127 words | 2.5s | eta 18 min
2026-10-07 06:23:53 | INFO | train [353/769] audio_75.wav | 45.1s audio | 107 words | 1.7s | eta 18 min
2026-10-07 06:23:56 | INFO | train [354/769] audio_550.wav | 60.1s audio | 123 words | 2.4s | eta 18 min
2026-10-07 06:23:58 | INFO | train [355/769] audio_340.wav | 60.1s audio | 100 words | 2.2s | eta 17 min
2026-10-07 06:23:59 | INFO | train [356/769] audio_272.wav | 46.3s audio | 79 words | 1.5s | eta 17 min
2026-10-07 06:24:02 | INFO | train [357/769] audio_518.wav | 60.1s audio | 141 words | 2.4s | eta 17 min
2026-10-07 06:24:04 | INFO | train [358/769] audio_34.wav | 43.7s audio | 95 words | 1.8s | eta 17 min
2026-10-07 06:24:05 | INFO | train [359/769] audio_87.wav | 45.0s audio | 87 words | 1.5s | eta 17 min
2026-10-07 06:24:08 | INFO | train [360/769] audio_211.wav | 61.0s audio | 143 words | 2.6s | eta 17 min
2026-10-07 06:24:10 | INFO | train [361/769] audio_431.wav | 60.1s audio | 102 words | 2.2s | eta 17 min
2026-10-07 06:24:12 | INFO | train [362/769] audio_555.wav | 60.1s audio | 123 words | 2.3s | eta 17 min
2026-10-07 06:24:15 | INFO | train [363/769] audio_648.wav | 60.1s audio | 125 words | 2.6s | eta 17 min
2026-10-07 06:24:18 | INFO | train [364/769] audio_5051.wav | 60.1s audio | 58 words | 3.4s | eta 17 min
2026-10-07 06:24:21 | INFO | train [365/769] audio_422.wav | 60.1s audio | 109 words | 2.3s | eta 17 min
2026-10-07 06:24:23 | INFO | train [366/769] audio_627.wav | 60.1s audio | 144 words | 2.7s | eta 17 min
2026-10-07 06:24:25 | INFO | train [367/769] audio_122.wav | 45.0s audio | 114 words | 2.0s | eta 17 min
2026-10-07 06:24:27 | INFO | train [368/769] audio_88.wav | 45.1s audio | 82 words | 1.5s | eta 17 min
2026-10-07 06:24:29 | INFO | train [369/769] audio_165.wav | 60.1s audio | 97 words | 2.5s | eta 17 min
2026-10-07 06:24:32 | INFO | train [370/769] audio_276.wav | 60.1s audio | 118 words | 2.5s | eta 17 min
2026-10-07 06:24:34 | INFO | train [371/769] audio_746.wav | 61.0s audio | 138 words | 2.3s | eta 17 min
2026-10-07 06:24:36 | INFO | train [372/769] audio_252.wav | 60.1s audio | 51 words | 1.8s | eta 17 min
2026-10-07 06:24:38 | INFO | train [373/769] audio_266.wav | 60.1s audio | 56 words | 2.4s | eta 17 min
2026-10-07 06:24:40 | INFO | train [374/769] audio_611.wav | 60.0s audio | 74 words | 2.1s | eta 17 min
2026-10-07 06:24:45 | INFO | train [375/769] audio_5058.wav | 60.1s audio | 85 words | 4.7s | eta 17 min
2026-10-07 06:24:47 | INFO | train [376/769] audio_81.wav | 45.0s audio | 99 words | 1.8s | eta 16 min
2026-10-07 06:24:49 | INFO | train [377/769] audio_3.wav | 44.9s audio | 82 words | 1.8s | eta 16 min
2026-10-07 06:24:50 | INFO | train [378/769] audio_21.wav | 45.1s audio | 80 words | 1.8s | eta 16 min
2026-10-07 06:24:53 | INFO | train [379/769] audio_190.wav | 60.6s audio | 125 words | 2.6s | eta 16 min
2026-10-07 06:24:55 | INFO | train [380/769] audio_189.wav | 60.0s audio | 137 words | 2.5s | eta 16 min
2026-10-07 06:24:58 | INFO | train [381/769] audio_519.wav | 60.1s audio | 126 words | 2.4s | eta 16 min
2026-10-07 06:25:00 | INFO | train [382/769] audio_748.wav | 60.1s audio | 95 words | 2.4s | eta 16 min
2026-10-07 06:25:02 | INFO | train [383/769] audio_505.wav | 60.1s audio | 102 words | 2.2s | eta 16 min
2026-10-07 06:25:04 | INFO | train [384/769] audio_361.wav | 60.1s audio | 41 words | 1.8s | eta 16 min
2026-10-07 06:25:06 | INFO | train [385/769] audio_5052.wav | 60.1s audio | 77 words | 2.0s | eta 16 min
2026-10-07 06:25:08 | INFO | train [386/769] audio_16.wav | 44.3s audio | 96 words | 1.7s | eta 16 min
2026-10-07 06:25:10 | INFO | train [387/769] audio_327.wav | 60.1s audio | 135 words | 2.4s | eta 16 min
2026-10-07 06:25:13 | INFO | train [388/769] audio_313.wav | 60.1s audio | 89 words | 2.1s | eta 16 min
2026-10-07 06:25:15 | INFO | train [389/769] audio_589.wav | 60.1s audio | 85 words | 2.1s | eta 16 min
2026-10-07 06:25:17 | INFO | train [390/769] audio_416.wav | 60.1s audio | 127 words | 2.4s | eta 16 min
2026-10-07 06:25:20 | INFO | train [391/769] audio_762.wav | 60.2s audio | 139 words | 3.2s | eta 16 min
2026-10-07 06:25:23 | INFO | train [392/769] audio_714.wav | 60.1s audio | 81 words | 2.3s | eta 16 min
2026-10-07 06:25:25 | INFO | train [393/769] audio_455.wav | 60.1s audio | 88 words | 2.3s | eta 16 min
2026-10-07 06:25:26 | INFO | train [394/769] audio_42.wav | 38.5s audio | 67 words | 1.6s | eta 16 min
2026-10-07 06:25:29 | INFO | train [395/769] audio_561.wav | 60.1s audio | 97 words | 2.7s | eta 16 min
2026-10-07 06:25:31 | INFO | train [396/769] audio_226.wav | 60.2s audio | 65 words | 2.0s | eta 16 min
2026-10-07 06:25:33 | INFO | train [397/769] audio_110.wav | 45.1s audio | 83 words | 1.7s | eta 16 min
2026-10-07 06:25:36 | INFO | train [398/769] audio_739.wav | 61.0s audio | 116 words | 2.8s | eta 15 min
2026-10-07 06:25:38 | INFO | train [399/769] audio_504.wav | 60.1s audio | 128 words | 2.7s | eta 15 min
2026-10-07 06:25:41 | INFO | train [400/769] audio_379.wav | 60.1s audio | 146 words | 2.9s | eta 15 min
2026-10-07 06:25:44 | INFO | train [401/769] audio_520.wav | 60.1s audio | 125 words | 2.4s | eta 15 min
2026-10-07 06:25:46 | INFO | train [402/769] audio_5068.wav | 60.1s audio | 100 words | 2.3s | eta 15 min
2026-10-07 06:25:48 | INFO | train [403/769] audio_30.wav | 44.6s audio | 82 words | 1.6s | eta 15 min
2026-10-07 06:25:50 | INFO | train [404/769] audio_5041.wav | 60.1s audio | 79 words | 2.1s | eta 15 min
2026-10-07 06:25:53 | INFO | train [405/769] audio_485.wav | 60.1s audio | 137 words | 2.8s | eta 15 min
2026-10-07 06:25:55 | INFO | train [406/769] audio_475.wav | 61.0s audio | 62 words | 2.1s | eta 15 min
2026-10-07 06:25:58 | INFO | train [407/769] audio_145.wav | 60.1s audio | 125 words | 3.0s | eta 15 min
2026-10-07 06:26:00 | INFO | train [408/769] audio_308.wav | 60.1s audio | 99 words | 2.6s | eta 15 min
2026-10-07 06:26:03 | INFO | train [409/769] audio_184.wav | 60.1s audio | 117 words | 2.8s | eta 15 min
2026-10-07 06:26:06 | INFO | train [410/769] audio_586.wav | 60.1s audio | 108 words | 2.5s | eta 15 min
2026-10-07 06:26:08 | INFO | train [411/769] audio_398.wav | 60.1s audio | 83 words | 2.5s | eta 15 min
2026-10-07 06:26:11 | INFO | train [412/769] audio_726.wav | 58.4s audio | 129 words | 2.8s | eta 15 min
2026-10-07 06:26:13 | INFO | train [413/769] audio_466.wav | 60.1s audio | 109 words | 2.5s | eta 15 min
2026-10-07 06:26:16 | INFO | train [414/769] audio_218.wav | 60.1s audio | 111 words | 2.5s | eta 15 min
2026-10-07 06:26:18 | INFO | train [415/769] audio_644.wav | 58.3s audio | 99 words | 2.3s | eta 15 min
2026-10-07 06:26:21 | INFO | train [416/769] audio_351.wav | 60.2s audio | 96 words | 2.5s | eta 15 min
2026-10-07 06:26:22 | INFO | train [417/769] audio_248.wav | 36.3s audio | 65 words | 1.6s | eta 15 min
2026-10-07 06:26:24 | INFO | train [418/769] audio_83.wav | 45.1s audio | 120 words | 1.9s | eta 15 min
2026-10-07 06:26:26 | INFO | train [419/769] audio_71.wav | 45.1s audio | 100 words | 1.7s | eta 15 min
2026-10-07 06:26:28 | INFO | train [420/769] audio_287.wav | 60.1s audio | 116 words | 2.4s | eta 15 min
2026-10-07 06:26:30 | INFO | train [421/769] audio_367.wav | 60.2s audio | 65 words | 2.0s | eta 14 min
2026-10-07 06:26:33 | INFO | train [422/769] audio_166.wav | 60.1s audio | 97 words | 2.7s | eta 14 min
2026-10-07 06:26:35 | INFO | train [423/769] audio_94.wav | 45.1s audio | 84 words | 1.7s | eta 14 min
2026-10-07 06:26:37 | INFO | train [424/769] audio_108.wav | 45.1s audio | 141 words | 2.7s | eta 14 min
2026-10-07 06:26:40 | INFO | train [425/769] audio_511.wav | 60.1s audio | 113 words | 2.6s | eta 14 min
2026-10-07 06:26:43 | INFO | train [426/769] audio_5059.wav | 60.0s audio | 139 words | 2.8s | eta 14 min
2026-10-07 06:26:45 | INFO | train [427/769] audio_310.wav | 44.2s audio | 105 words | 2.0s | eta 14 min
2026-10-07 06:26:47 | INFO | train [428/769] audio_50.wav | 45.1s audio | 99 words | 1.8s | eta 14 min
2026-10-07 06:26:48 | INFO | train [429/769] audio_6.wav | 45.1s audio | 76 words | 1.5s | eta 14 min
2026-10-07 06:26:50 | INFO | train [430/769] audio_515.wav | 60.1s audio | 113 words | 2.3s | eta 14 min
2026-10-07 06:26:52 | INFO | train [431/769] audio_742.wav | 50.0s audio | 59 words | 1.5s | eta 14 min
2026-10-07 06:26:54 | INFO | train [432/769] audio_545.wav | 60.1s audio | 106 words | 2.3s | eta 14 min
2026-10-07 06:26:56 | INFO | train [433/769] audio_489.wav | 60.1s audio | 110 words | 2.3s | eta 14 min
2026-10-07 06:26:59 | INFO | train [434/769] audio_697.wav | 60.1s audio | 129 words | 2.6s | eta 14 min
2026-10-07 06:27:02 | INFO | train [435/769] audio_225.wav | 60.2s audio | 109 words | 2.4s | eta 14 min
2026-10-07 06:27:04 | INFO | train [436/769] audio_553.wav | 60.1s audio | 109 words | 2.4s | eta 14 min
2026-10-07 06:27:06 | INFO | train [437/769] audio_237.wav | 53.2s audio | 68 words | 1.9s | eta 14 min
2026-10-07 06:27:08 | INFO | train [438/769] audio_197.wav | 60.1s audio | 126 words | 2.5s | eta 14 min
2026-10-07 06:27:11 | INFO | train [439/769] audio_449.wav | 60.1s audio | 149 words | 2.7s | eta 14 min
2026-10-07 06:27:13 | INFO | train [440/769] audio_567.wav | 60.1s audio | 108 words | 2.3s | eta 14 min
2026-10-07 06:27:16 | INFO | train [441/769] audio_477.wav | 60.1s audio | 88 words | 2.2s | eta 14 min
2026-10-07 06:27:17 | INFO | train [442/769] audio_728.wav | 45.5s audio | 85 words | 1.7s | eta 14 min
2026-10-07 06:27:19 | INFO | train [443/769] audio_377.wav | 59.2s audio | 47 words | 1.8s | eta 13 min
2026-10-07 06:27:21 | INFO | train [444/769] audio_633.wav | 60.1s audio | 125 words | 2.4s | eta 13 min
2026-10-07 06:27:23 | INFO | train [445/769] audio_690.wav | 45.8s audio | 78 words | 1.7s | eta 13 min
2026-10-07 06:27:26 | INFO | train [446/769] audio_525.wav | 60.1s audio | 145 words | 2.6s | eta 13 min
2026-10-07 06:27:27 | INFO | train [447/769] audio_31.wav | 43.6s audio | 88 words | 1.6s | eta 13 min
2026-10-07 06:27:30 | INFO | train [448/769] audio_676.wav | 60.1s audio | 106 words | 2.2s | eta 13 min
2026-10-07 06:27:32 | INFO | train [449/769] audio_263.wav | 60.0s audio | 91 words | 2.2s | eta 13 min
2026-10-07 06:27:36 | INFO | train [450/769] audio_5070.wav | 60.1s audio | 79 words | 4.0s | eta 13 min
2026-10-07 06:27:38 | INFO | train [451/769] audio_510.wav | 60.1s audio | 128 words | 2.6s | eta 13 min
2026-10-07 06:27:40 | INFO | train [452/769] audio_577.wav | 60.1s audio | 84 words | 2.1s | eta 13 min
2026-10-07 06:27:43 | INFO | train [453/769] audio_230.wav | 55.6s audio | 133 words | 2.2s | eta 13 min
2026-10-07 06:27:45 | INFO | train [454/769] audio_314.wav | 60.1s audio | 86 words | 2.2s | eta 13 min
2026-10-07 06:27:47 | INFO | train [455/769] audio_641.wav | 60.0s audio | 55 words | 1.9s | eta 13 min
2026-10-07 06:27:49 | INFO | train [456/769] audio_689.wav | 51.5s audio | 110 words | 1.8s | eta 13 min
2026-10-07 06:27:51 | INFO | train [457/769] audio_352.wav | 60.1s audio | 106 words | 2.2s | eta 13 min
2026-10-07 06:27:52 | INFO | train [458/769] audio_193.wav | 23.7s audio | 43 words | 0.8s | eta 13 min
2026-10-07 06:28:06 | INFO | train [459/769] audio_5049.wav | 60.1s audio | 139 words | 14.3s | eta 13 min
2026-10-07 06:28:09 | INFO | train [460/769] audio_300.wav | 60.1s audio | 116 words | 2.6s | eta 13 min
2026-10-07 06:28:10 | INFO | train [461/769] audio_581.wav | 60.1s audio | 52 words | 1.8s | eta 13 min
2026-10-07 06:28:12 | INFO | train [462/769] audio_164.wav | 60.1s audio | 68 words | 1.9s | eta 13 min
2026-10-07 06:28:15 | INFO | train [463/769] audio_502.wav | 60.1s audio | 140 words | 2.5s | eta 13 min
2026-10-07 06:28:17 | INFO | train [464/769] audio_380.wav | 58.7s audio | 128 words | 2.2s | eta 13 min
2026-10-07 06:28:19 | INFO | train [465/769] audio_15.wav | 43.3s audio | 87 words | 1.7s | eta 13 min
2026-10-07 06:28:19 | INFO | train [466/769] audio_238.wav | 27.6s audio | 30 words | 0.7s | eta 13 min
2026-10-07 06:28:21 | INFO | train [467/769] audio_53.wav | 39.4s audio | 84 words | 1.7s | eta 13 min
2026-10-07 06:28:22 | INFO | train [468/769] audio_283.wav | 27.8s audio | 52 words | 0.9s | eta 12 min
2026-10-07 06:28:24 | INFO | train [469/769] audio_614.wav | 60.1s audio | 111 words | 2.4s | eta 12 min
2026-10-07 06:28:26 | INFO | train [470/769] audio_121.wav | 45.1s audio | 106 words | 1.8s | eta 12 min
2026-10-07 06:28:29 | INFO | train [471/769] audio_216.wav | 60.1s audio | 136 words | 2.6s | eta 12 min
2026-10-07 06:28:31 | INFO | train [472/769] audio_552.wav | 60.1s audio | 136 words | 2.4s | eta 12 min
2026-10-07 06:28:34 | INFO | train [473/769] audio_514.wav | 60.1s audio | 88 words | 2.2s | eta 12 min
2026-10-07 06:28:37 | INFO | train [474/769] audio_593.wav | 60.1s audio | 125 words | 3.3s | eta 12 min
2026-10-07 06:28:39 | INFO | train [475/769] audio_565.wav | 60.1s audio | 76 words | 2.0s | eta 12 min
2026-10-07 06:28:41 | INFO | train [476/769] audio_140.wav | 60.1s audio | 78 words | 2.0s | eta 12 min
2026-10-07 06:28:42 | INFO | train [477/769] audio_117.wav | 45.1s audio | 62 words | 1.6s | eta 12 min
2026-10-07 06:28:45 | INFO | train [478/769] audio_495.wav | 60.1s audio | 136 words | 2.6s | eta 12 min
2026-10-07 06:28:47 | INFO | train [479/769] audio_652.wav | 60.1s audio | 90 words | 2.3s | eta 12 min
2026-10-07 06:28:50 | INFO | train [480/769] audio_645.wav | 49.0s audio | 116 words | 2.4s | eta 12 min
2026-10-07 06:28:52 | INFO | train [481/769] audio_242.wav | 60.1s audio | 68 words | 2.1s | eta 12 min
2026-10-07 06:28:54 | INFO | train [482/769] audio_4.wav | 45.1s audio | 103 words | 1.8s | eta 12 min
2026-10-07 06:28:55 | INFO | train [483/769] audio_93.wav | 45.1s audio | 98 words | 1.8s | eta 12 min
2026-10-07 06:28:59 | INFO | train [484/769] audio_582.wav | 60.1s audio | 48 words | 3.3s | eta 12 min
2026-10-07 06:29:01 | INFO | train [485/769] audio_222.wav | 58.9s audio | 100 words | 2.3s | eta 12 min
2026-10-07 06:29:05 | INFO | train [486/769] audio_5042.wav | 60.1s audio | 137 words | 3.5s | eta 12 min
2026-10-07 06:29:06 | INFO | train [487/769] audio_253.wav | 60.1s audio | 62 words | 1.9s | eta 12 min
2026-10-07 06:29:09 | INFO | train [488/769] audio_167.wav | 60.1s audio | 122 words | 2.5s | eta 12 min
2026-10-07 06:29:11 | INFO | train [489/769] audio_583.wav | 60.1s audio | 105 words | 2.1s | eta 12 min
2026-10-07 06:29:14 | INFO | train [490/769] audio_682.wav | 60.1s audio | 127 words | 2.5s | eta 12 min
2026-10-07 06:29:17 | INFO | train [491/769] audio_5045.wav | 60.1s audio | 80 words | 3.1s | eta 11 min
2026-10-07 06:29:19 | INFO | train [492/769] audio_173.wav | 60.1s audio | 121 words | 2.4s | eta 11 min
2026-10-07 06:29:22 | INFO | train [493/769] audio_338.wav | 60.0s audio | 153 words | 2.9s | eta 11 min
2026-10-07 06:29:24 | INFO | train [494/769] audio_188.wav | 60.1s audio | 123 words | 2.4s | eta 11 min
2026-10-07 06:29:26 | INFO | train [495/769] audio_59.wav | 45.1s audio | 99 words | 1.8s | eta 11 min
2026-10-07 06:29:29 | INFO | train [496/769] audio_318.wav | 60.1s audio | 128 words | 2.5s | eta 11 min
2026-10-07 06:29:31 | INFO | train [497/769] audio_17.wav | 44.1s audio | 110 words | 1.9s | eta 11 min
2026-10-07 06:29:33 | INFO | train [498/769] audio_551.wav | 60.1s audio | 114 words | 2.5s | eta 11 min
2026-10-07 06:29:34 | INFO | train [499/769] audio_275.wav | 39.0s audio | 57 words | 1.4s | eta 11 min
2026-10-07 06:29:37 | INFO | train [500/769] audio_368.wav | 60.1s audio | 129 words | 2.7s | eta 11 min
2026-10-07 06:29:39 | INFO | train [501/769] audio_730.wav | 60.1s audio | 54 words | 1.9s | eta 11 min
2026-10-07 06:29:42 | INFO | train [502/769] audio_5060.wav | 60.1s audio | 124 words | 2.5s | eta 11 min
2026-10-07 06:29:44 | INFO | train [503/769] audio_685.wav | 60.1s audio | 118 words | 2.6s | eta 11 min
2026-10-07 06:29:46 | INFO | train [504/769] audio_7.wav | 45.1s audio | 74 words | 1.7s | eta 11 min
2026-10-07 06:29:49 | INFO | train [505/769] audio_204.wav | 61.0s audio | 138 words | 3.0s | eta 11 min
2026-10-07 06:29:51 | INFO | train [506/769] audio_5064.wav | 60.1s audio | 60 words | 2.2s | eta 11 min
2026-10-07 06:29:53 | INFO | train [507/769] audio_127.wav | 45.1s audio | 85 words | 1.8s | eta 11 min
2026-10-07 06:29:55 | INFO | train [508/769] audio_412.wav | 33.7s audio | 44 words | 2.2s | eta 11 min
2026-10-07 06:29:57 | INFO | train [509/769] audio_132.wav | 45.1s audio | 72 words | 1.6s | eta 11 min
2026-10-07 06:29:59 | INFO | train [510/769] audio_156.wav | 60.1s audio | 101 words | 2.4s | eta 11 min
2026-10-07 06:30:01 | INFO | train [511/769] audio_426.wav | 60.1s audio | 92 words | 2.2s | eta 11 min
2026-10-07 06:30:04 | INFO | train [512/769] audio_709.wav | 60.0s audio | 106 words | 2.4s | eta 11 min
2026-10-07 06:30:06 | INFO | train [513/769] audio_291.wav | 56.5s audio | 90 words | 2.2s | eta 11 min
2026-10-07 06:30:09 | INFO | train [514/769] audio_523.wav | 60.1s audio | 120 words | 3.3s | eta 10 min
2026-10-07 06:30:12 | INFO | train [515/769] audio_632.wav | 60.1s audio | 112 words | 2.7s | eta 10 min
2026-10-07 06:30:14 | INFO | train [516/769] audio_684.wav | 57.8s audio | 108 words | 2.4s | eta 10 min
2026-10-07 06:30:17 | INFO | train [517/769] audio_512.wav | 60.1s audio | 47 words | 2.5s | eta 10 min
2026-10-07 06:30:20 | INFO | train [518/769] audio_764.wav | 60.0s audio | 140 words | 3.4s | eta 10 min
2026-10-07 06:30:23 | INFO | train [519/769] audio_585.wav | 60.1s audio | 135 words | 2.6s | eta 10 min
2026-10-07 06:30:26 | INFO | train [520/769] audio_562.wav | 61.0s audio | 120 words | 2.8s | eta 10 min
2026-10-07 06:30:28 | INFO | train [521/769] audio_465.wav | 60.1s audio | 118 words | 2.5s | eta 10 min
2026-10-07 06:30:30 | INFO | train [522/769] audio_37.wav | 45.1s audio | 104 words | 2.0s | eta 10 min
2026-10-07 06:30:32 | INFO | train [523/769] audio_47.wav | 45.1s audio | 97 words | 1.8s | eta 10 min
2026-10-07 06:30:34 | INFO | train [524/769] audio_233.wav | 60.1s audio | 83 words | 2.1s | eta 10 min
2026-10-07 06:30:37 | INFO | train [525/769] audio_621.wav | 60.1s audio | 135 words | 2.7s | eta 10 min
2026-10-07 06:30:39 | INFO | train [526/769] audio_590.wav | 60.1s audio | 91 words | 2.1s | eta 10 min
2026-10-07 06:30:41 | INFO | train [527/769] audio_349.wav | 60.1s audio | 94 words | 2.2s | eta 10 min
2026-10-07 06:30:44 | INFO | train [528/769] audio_387.wav | 60.0s audio | 109 words | 2.5s | eta 10 min
2026-10-07 06:30:46 | INFO | train [529/769] audio_630.wav | 60.1s audio | 114 words | 2.5s | eta 10 min
2026-10-07 06:30:48 | INFO | train [530/769] audio_5046.wav | 60.1s audio | 110 words | 2.2s | eta 10 min
2026-10-07 06:30:51 | INFO | train [531/769] audio_183.wav | 60.1s audio | 75 words | 2.1s | eta 10 min
2026-10-07 06:30:53 | INFO | train [532/769] audio_607.wav | 60.1s audio | 128 words | 3.0s | eta 10 min
2026-10-07 06:30:55 | INFO | train [533/769] audio_133.wav | 45.0s audio | 96 words | 1.7s | eta 10 min
2026-10-07 06:30:58 | INFO | train [534/769] audio_443.wav | 60.1s audio | 118 words | 2.4s | eta 10 min
2026-10-07 06:30:59 | INFO | train [535/769] audio_55.wav | 45.1s audio | 95 words | 1.8s | eta 10 min
2026-10-07 06:31:01 | INFO | train [536/769] audio_686.wav | 53.9s audio | 62 words | 1.4s | eta 10 min
2026-10-07 06:31:03 | INFO | train [537/769] audio_740.wav | 60.1s audio | 119 words | 2.6s | eta 10 min
2026-10-07 06:31:06 | INFO | train [538/769] audio_699.wav | 60.1s audio | 96 words | 2.5s | eta 9 min
2026-10-07 06:31:08 | INFO | train [539/769] audio_44.wav | 45.1s audio | 110 words | 2.1s | eta 9 min
2026-10-07 06:31:11 | INFO | train [540/769] audio_500.wav | 60.1s audio | 106 words | 2.7s | eta 9 min
2026-10-07 06:31:13 | INFO | train [541/769] audio_265.wav | 60.1s audio | 77 words | 2.0s | eta 9 min
2026-10-07 06:31:14 | INFO | train [542/769] audio_125.wav | 45.1s audio | 82 words | 1.6s | eta 9 min
2026-10-07 06:31:16 | INFO | train [543/769] audio_413.wav | 45.9s audio | 83 words | 1.7s | eta 9 min
2026-10-07 06:31:18 | INFO | train [544/769] audio_256.wav | 60.1s audio | 104 words | 2.5s | eta 9 min
2026-10-07 06:31:21 | INFO | train [545/769] audio_350.wav | 60.1s audio | 123 words | 2.8s | eta 9 min
2026-10-07 06:31:25 | INFO | train [546/769] audio_364.wav | 60.1s audio | 130 words | 3.4s | eta 9 min
2026-10-07 06:31:26 | INFO | train [547/769] audio_131.wav | 44.9s audio | 77 words | 1.9s | eta 9 min
2026-10-07 06:31:30 | INFO | train [548/769] audio_168.wav | 60.1s audio | 89 words | 3.2s | eta 9 min
2026-10-07 06:31:32 | INFO | train [549/769] audio_557.wav | 44.1s audio | 101 words | 2.2s | eta 9 min
2026-10-07 06:31:35 | INFO | train [550/769] audio_670.wav | 60.1s audio | 135 words | 2.7s | eta 9 min
2026-10-07 06:31:37 | INFO | train [551/769] audio_342.wav | 60.1s audio | 113 words | 2.5s | eta 9 min
2026-10-07 06:31:39 | INFO | train [552/769] audio_2.wav | 45.0s audio | 90 words | 1.6s | eta 9 min
2026-10-07 06:31:42 | INFO | train [553/769] audio_5048.wav | 60.1s audio | 142 words | 3.2s | eta 9 min
2026-10-07 06:31:44 | INFO | train [554/769] audio_741.wav | 60.1s audio | 62 words | 1.9s | eta 9 min
2026-10-07 06:31:46 | INFO | train [555/769] audio_294.wav | 60.1s audio | 85 words | 2.3s | eta 9 min
2026-10-07 06:31:49 | INFO | train [556/769] audio_370.wav | 60.1s audio | 137 words | 2.9s | eta 9 min
2026-10-07 06:31:52 | INFO | train [557/769] audio_417.wav | 60.1s audio | 131 words | 2.7s | eta 9 min
2026-10-07 06:31:54 | INFO | train [558/769] audio_753.wav | 60.1s audio | 94 words | 2.2s | eta 9 min
2026-10-07 06:31:57 | INFO | train [559/769] audio_533.wav | 60.1s audio | 154 words | 3.1s | eta 9 min
2026-10-07 06:32:00 | INFO | train [560/769] audio_239.wav | 60.1s audio | 141 words | 2.8s | eta 9 min
2026-10-07 06:32:03 | INFO | train [561/769] audio_566.wav | 60.1s audio | 95 words | 2.8s | eta 9 min
2026-10-07 06:32:05 | INFO | train [562/769] audio_736.wav | 60.0s audio | 126 words | 2.5s | eta 9 min
2026-10-07 06:32:07 | INFO | train [563/769] audio_541.wav | 60.1s audio | 91 words | 2.0s | eta 8 min
2026-10-07 06:32:10 | INFO | train [564/769] audio_531.wav | 60.1s audio | 119 words | 2.5s | eta 8 min
2026-10-07 06:32:12 | INFO | train [565/769] audio_280.wav | 60.1s audio | 109 words | 2.4s | eta 8 min
2026-10-07 06:32:14 | INFO | train [566/769] audio_33.wav | 39.4s audio | 83 words | 2.1s | eta 8 min
2026-10-07 06:32:17 | INFO | train [567/769] audio_307.wav | 60.1s audio | 151 words | 3.3s | eta 8 min
2026-10-07 06:32:20 | INFO | train [568/769] audio_617.wav | 60.1s audio | 101 words | 2.5s | eta 8 min
2026-10-07 06:32:22 | INFO | train [569/769] audio_613.wav | 60.1s audio | 123 words | 2.4s | eta 8 min
2026-10-07 06:32:23 | INFO | train [570/769] audio_472.wav | 23.9s audio | 42 words | 0.9s | eta 8 min
2026-10-07 06:32:26 | INFO | train [571/769] audio_568.wav | 60.1s audio | 92 words | 2.4s | eta 8 min
2026-10-07 06:32:29 | INFO | train [572/769] audio_521.wav | 60.1s audio | 123 words | 2.8s | eta 8 min
2026-10-07 06:32:31 | INFO | train [573/769] audio_401.wav | 60.1s audio | 133 words | 2.9s | eta 8 min
2026-10-07 06:32:34 | INFO | train [574/769] audio_573.wav | 60.1s audio | 102 words | 2.5s | eta 8 min
2026-10-07 06:32:37 | INFO | train [575/769] audio_180.wav | 60.1s audio | 118 words | 2.9s | eta 8 min
2026-10-07 06:32:38 | INFO | train [576/769] audio_320.wav | 38.9s audio | 56 words | 1.4s | eta 8 min
2026-10-07 06:32:40 | INFO | train [577/769] audio_85.wav | 45.1s audio | 85 words | 1.7s | eta 8 min
2026-10-07 06:32:42 | INFO | train [578/769] audio_296.wav | 60.1s audio | 111 words | 2.5s | eta 8 min
2026-10-07 06:32:43 | INFO | train [579/769] audio_250.wav | 20.1s audio | 37 words | 0.8s | eta 8 min
2026-10-07 06:32:46 | INFO | train [580/769] audio_346.wav | 60.1s audio | 115 words | 3.0s | eta 8 min
2026-10-07 06:32:49 | INFO | train [581/769] audio_335.wav | 60.1s audio | 110 words | 2.7s | eta 8 min
2026-10-07 06:32:51 | INFO | train [582/769] audio_20.wav | 43.0s audio | 87 words | 2.0s | eta 8 min
2026-10-07 06:33:03 | INFO | train [583/769] audio_5071.wav | 60.1s audio | 93 words | 12.3s | eta 8 min
2026-10-07 06:33:05 | INFO | train [584/769] audio_558.wav | 60.1s audio | 84 words | 2.1s | eta 8 min
2026-10-07 06:33:07 | INFO | train [585/769] audio_289.wav | 60.1s audio | 55 words | 1.9s | eta 8 min
2026-10-07 06:33:10 | INFO | train [586/769] audio_620.wav | 61.0s audio | 131 words | 2.6s | eta 8 min
2026-10-07 06:33:12 | INFO | train [587/769] audio_665.wav | 60.1s audio | 106 words | 2.2s | eta 8 min
2026-10-07 06:33:16 | INFO | train [588/769] audio_751.wav | 60.1s audio | 125 words | 4.4s | eta 7 min
2026-10-07 06:33:19 | INFO | train [589/769] audio_442.wav | 60.1s audio | 71 words | 2.1s | eta 7 min
2026-10-07 06:33:21 | INFO | train [590/769] audio_362.wav | 60.1s audio | 137 words | 2.7s | eta 7 min
2026-10-07 06:33:24 | INFO | train [591/769] audio_311.wav | 60.1s audio | 90 words | 2.3s | eta 7 min
2026-10-07 06:33:26 | INFO | train [592/769] audio_724.wav | 60.0s audio | 135 words | 2.6s | eta 7 min
2026-10-07 06:33:28 | INFO | train [593/769] audio_39.wav | 45.1s audio | 93 words | 1.8s | eta 7 min
2026-10-07 06:33:30 | INFO | train [594/769] audio_290.wav | 60.1s audio | 27 words | 1.7s | eta 7 min
2026-10-07 06:33:32 | INFO | train [595/769] audio_23.wav | 45.1s audio | 75 words | 2.4s | eta 7 min
2026-10-07 06:33:34 | INFO | train [596/769] audio_624.wav | 60.1s audio | 85 words | 2.4s | eta 7 min
2026-10-07 06:33:38 | INFO | train [597/769] audio_206.wav | 60.1s audio | 149 words | 3.3s | eta 7 min
2026-10-07 06:33:40 | INFO | train [598/769] audio_288.wav | 60.1s audio | 86 words | 2.2s | eta 7 min
2026-10-07 06:33:42 | INFO | train [599/769] audio_60.wav | 45.0s audio | 81 words | 2.0s | eta 7 min
2026-10-07 06:33:44 | INFO | train [600/769] audio_80.wav | 45.1s audio | 106 words | 1.9s | eta 7 min
2026-10-07 06:33:47 | INFO | train [601/769] audio_214.wav | 60.1s audio | 142 words | 2.5s | eta 7 min
2026-10-07 06:33:49 | INFO | train [602/769] audio_599.wav | 60.1s audio | 129 words | 2.5s | eta 7 min
2026-10-07 06:33:51 | INFO | train [603/769] audio_5063.wav | 46.3s audio | 76 words | 1.5s | eta 7 min
2026-10-07 06:33:53 | INFO | train [604/769] audio_207.wav | 60.1s audio | 83 words | 2.1s | eta 7 min
2026-10-07 06:33:55 | INFO | train [605/769] audio_438.wav | 60.1s audio | 70 words | 2.4s | eta 7 min
2026-10-07 06:33:58 | INFO | train [606/769] audio_332.wav | 60.1s audio | 126 words | 3.2s | eta 7 min
2026-10-07 06:34:01 | INFO | train [607/769] audio_159.wav | 60.1s audio | 97 words | 2.6s | eta 7 min
2026-10-07 06:34:03 | INFO | train [608/769] audio_478.wav | 60.1s audio | 78 words | 2.3s | eta 7 min
2026-10-07 06:34:05 | INFO | train [609/769] audio_46.wav | 45.1s audio | 95 words | 1.8s | eta 7 min
2026-10-07 06:34:08 | INFO | train [610/769] audio_130.wav | 45.1s audio | 85 words | 2.8s | eta 7 min
2026-10-07 06:34:10 | INFO | train [611/769] audio_437.wav | 60.1s audio | 61 words | 2.0s | eta 7 min
2026-10-07 06:34:12 | INFO | train [612/769] audio_771.wav | 60.1s audio | 119 words | 2.7s | eta 6 min
2026-10-07 06:34:15 | INFO | train [613/769] audio_759.wav | 60.1s audio | 109 words | 2.7s | eta 6 min
2026-10-07 06:34:17 | INFO | train [614/769] audio_25.wav | 45.1s audio | 88 words | 1.9s | eta 6 min
2026-10-07 06:34:20 | INFO | train [615/769] audio_191.wav | 60.4s audio | 135 words | 2.8s | eta 6 min
2026-10-07 06:34:21 | INFO | train [616/769] audio_182.wav | 40.4s audio | 49 words | 1.4s | eta 6 min
2026-10-07 06:34:23 | INFO | train [617/769] audio_236.wav | 48.7s audio | 70 words | 1.5s | eta 6 min
2026-10-07 06:34:26 | INFO | train [618/769] audio_24.wav | 45.1s audio | 92 words | 2.9s | eta 6 min
2026-10-07 06:34:29 | INFO | train [619/769] audio_428.wav | 60.1s audio | 136 words | 3.0s | eta 6 min
2026-10-07 06:34:32 | INFO | train [620/769] audio_678.wav | 55.3s audio | 130 words | 3.4s | eta 6 min
2026-10-07 06:34:34 | INFO | train [621/769] audio_591.wav | 60.1s audio | 50 words | 2.3s | eta 6 min
2026-10-07 06:34:37 | INFO | train [622/769] audio_597.wav | 60.1s audio | 136 words | 2.8s | eta 6 min
2026-10-07 06:34:40 | INFO | train [623/769] audio_580.wav | 60.1s audio | 78 words | 2.5s | eta 6 min
2026-10-07 06:34:42 | INFO | train [624/769] audio_19.wav | 45.1s audio | 104 words | 2.2s | eta 6 min
2026-10-07 06:34:44 | INFO | train [625/769] audio_476.wav | 60.1s audio | 103 words | 2.4s | eta 6 min
2026-10-07 06:34:46 | INFO | train [626/769] audio_375.wav | 60.1s audio | 56 words | 2.0s | eta 6 min
2026-10-07 06:34:54 | INFO | train [627/769] audio_642.wav | 60.1s audio | 36 words | 7.9s | eta 6 min
2026-10-07 06:34:56 | INFO | train [628/769] audio_66.wav | 60.0s audio | 48 words | 2.0s | eta 6 min
2026-10-07 06:34:59 | INFO | train [629/769] audio_186.wav | 60.1s audio | 140 words | 2.5s | eta 6 min
2026-10-07 06:35:01 | INFO | train [630/769] audio_713.wav | 60.1s audio | 136 words | 2.5s | eta 6 min
2026-10-07 06:35:04 | INFO | train [631/769] audio_354.wav | 60.1s audio | 117 words | 2.7s | eta 6 min
2026-10-07 06:35:07 | INFO | train [632/769] audio_768.wav | 60.1s audio | 147 words | 2.8s | eta 6 min
2026-10-07 06:35:08 | INFO | train [633/769] audio_14.wav | 45.1s audio | 76 words | 1.6s | eta 6 min
2026-10-07 06:35:11 | INFO | train [634/769] audio_208.wav | 60.1s audio | 119 words | 2.4s | eta 6 min
2026-10-07 06:35:13 | INFO | train [635/769] audio_418.wav | 60.6s audio | 109 words | 2.3s | eta 6 min
2026-10-07 06:35:16 | INFO | train [636/769] audio_212.wav | 60.1s audio | 151 words | 2.8s | eta 5 min
2026-10-07 06:35:18 | INFO | train [637/769] audio_177.wav | 60.1s audio | 114 words | 2.3s | eta 5 min
2026-10-07 06:35:21 | INFO | train [638/769] audio_503.wav | 60.1s audio | 140 words | 2.8s | eta 5 min
2026-10-07 06:35:23 | INFO | train [639/769] audio_564.wav | 60.1s audio | 51 words | 1.7s | eta 5 min
2026-10-07 06:35:25 | INFO | train [640/769] audio_257.wav | 60.1s audio | 95 words | 2.1s | eta 5 min
2026-10-07 06:35:27 | INFO | train [641/769] audio_408.wav | 34.1s audio | 99 words | 1.7s | eta 5 min
2026-10-07 06:35:29 | INFO | train [642/769] audio_468.wav | 60.1s audio | 114 words | 2.7s | eta 5 min
2026-10-07 06:35:32 | INFO | train [643/769] audio_574.wav | 60.1s audio | 128 words | 2.6s | eta 5 min
2026-10-07 06:35:34 | INFO | train [644/769] audio_26.wav | 45.1s audio | 116 words | 1.9s | eta 5 min
2026-10-07 06:35:36 | INFO | train [645/769] audio_480.wav | 60.7s audio | 118 words | 2.2s | eta 5 min
2026-10-07 06:35:38 | INFO | train [646/769] audio_706.wav | 60.1s audio | 135 words | 2.4s | eta 5 min
2026-10-07 06:35:40 | INFO | train [647/769] audio_57.wav | 45.1s audio | 119 words | 2.0s | eta 5 min
2026-10-07 06:35:43 | INFO | train [648/769] audio_209.wav | 60.0s audio | 125 words | 2.4s | eta 5 min
2026-10-07 06:35:45 | INFO | train [649/769] audio_712.wav | 60.1s audio | 141 words | 2.7s | eta 5 min
2026-10-07 06:35:47 | INFO | train [650/769] audio_353.wav | 56.0s audio | 84 words | 1.6s | eta 5 min
2026-10-07 06:35:49 | INFO | train [651/769] audio_575.wav | 60.1s audio | 116 words | 2.3s | eta 5 min
2026-10-07 06:35:51 | INFO | train [652/769] audio_383.wav | 60.1s audio | 75 words | 2.0s | eta 5 min
2026-10-07 06:35:54 | INFO | train [653/769] audio_781.wav | 60.6s audio | 94 words | 2.3s | eta 5 min
2026-10-07 06:35:55 | INFO | train [654/769] audio_118.wav | 45.1s audio | 85 words | 1.6s | eta 5 min
2026-10-07 06:35:58 | INFO | train [655/769] audio_337.wav | 60.1s audio | 143 words | 2.5s | eta 5 min
2026-10-07 06:36:00 | INFO | train [656/769] audio_715.wav | 60.1s audio | 138 words | 2.6s | eta 5 min
2026-10-07 06:36:03 | INFO | train [657/769] audio_323.wav | 60.1s audio | 86 words | 2.4s | eta 5 min
2026-10-07 06:36:05 | INFO | train [658/769] audio_374.wav | 60.1s audio | 83 words | 2.1s | eta 5 min
2026-10-07 06:36:06 | INFO | train [659/769] audio_348.wav | 57.6s audio | 76 words | 1.6s | eta 5 min
2026-10-07 06:36:08 | INFO | train [660/769] audio_547.wav | 60.1s audio | 84 words | 2.0s | eta 4 min
2026-10-07 06:36:10 | INFO | train [661/769] audio_41.wav | 43.8s audio | 109 words | 1.7s | eta 4 min
2026-10-07 06:36:12 | INFO | train [662/769] audio_284.wav | 60.1s audio | 109 words | 2.2s | eta 4 min
2026-10-07 06:36:14 | INFO | train [663/769] audio_13.wav | 45.0s audio | 111 words | 1.8s | eta 4 min
2026-10-07 06:36:17 | INFO | train [664/769] audio_548.wav | 60.1s audio | 124 words | 3.0s | eta 4 min
2026-10-07 06:36:20 | INFO | train [665/769] audio_687.wav | 61.0s audio | 121 words | 3.3s | eta 4 min
2026-10-07 06:36:22 | INFO | train [666/769] audio_104.wav | 45.1s audio | 109 words | 2.0s | eta 4 min
2026-10-07 06:36:25 | INFO | train [667/769] audio_181.wav | 60.1s audio | 104 words | 2.3s | eta 4 min
2026-10-07 06:36:26 | INFO | train [668/769] audio_755.wav | 50.2s audio | 99 words | 1.7s | eta 4 min
2026-10-07 06:36:29 | INFO | train [669/769] audio_733.wav | 60.0s audio | 132 words | 2.3s | eta 4 min
2026-10-07 06:36:31 | INFO | train [670/769] audio_5072.wav | 60.1s audio | 126 words | 2.4s | eta 4 min
2026-10-07 06:36:33 | INFO | train [671/769] audio_776.wav | 60.1s audio | 73 words | 2.1s | eta 4 min
2026-10-07 06:36:35 | INFO | train [672/769] audio_70.wav | 60.8s audio | 67 words | 1.9s | eta 4 min
2026-10-07 06:36:37 | INFO | train [673/769] audio_49.wav | 45.7s audio | 93 words | 1.6s | eta 4 min
2026-10-07 06:36:39 | INFO | train [674/769] audio_527.wav | 60.1s audio | 130 words | 2.4s | eta 4 min
2026-10-07 06:36:41 | INFO | train [675/769] audio_273.wav | 60.1s audio | 111 words | 2.5s | eta 4 min
2026-10-07 06:36:51 | INFO | train [676/769] audio_139.wav | 60.1s audio | 97 words | 9.8s | eta 4 min
2026-10-07 06:36:54 | INFO | train [677/769] audio_467.wav | 60.1s audio | 120 words | 2.8s | eta 4 min
2026-10-07 06:36:57 | INFO | train [678/769] audio_407.wav | 60.1s audio | 123 words | 2.7s | eta 4 min
2026-10-07 06:36:59 | INFO | train [679/769] audio_404.wav | 60.1s audio | 133 words | 2.6s | eta 4 min
2026-10-07 06:37:02 | INFO | train [680/769] audio_534.wav | 60.1s audio | 146 words | 3.0s | eta 4 min
2026-10-07 06:37:04 | INFO | train [681/769] audio_96.wav | 45.1s audio | 73 words | 2.0s | eta 4 min
2026-10-07 06:37:06 | INFO | train [682/769] audio_137.wav | 45.1s audio | 90 words | 1.9s | eta 4 min
2026-10-07 06:37:09 | INFO | train [683/769] audio_150.wav | 58.6s audio | 109 words | 2.5s | eta 4 min
2026-10-07 06:37:11 | INFO | train [684/769] audio_339.wav | 60.1s audio | 113 words | 2.5s | eta 4 min
2026-10-07 06:37:14 | INFO | train [685/769] audio_409.wav | 59.7s audio | 120 words | 3.0s | eta 3 min
2026-10-07 06:37:16 | INFO | train [686/769] audio_78.wav | 45.1s audio | 102 words | 1.8s | eta 3 min
2026-10-07 06:37:19 | INFO | train [687/769] audio_244.wav | 60.1s audio | 108 words | 2.7s | eta 3 min
2026-10-07 06:37:21 | INFO | train [688/769] audio_752.wav | 43.0s audio | 83 words | 1.9s | eta 3 min
2026-10-07 06:37:23 | INFO | train [689/769] audio_508.wav | 60.1s audio | 115 words | 2.5s | eta 3 min
2026-10-07 06:37:26 | INFO | train [690/769] audio_664.wav | 60.1s audio | 79 words | 2.7s | eta 3 min
2026-10-07 06:37:28 | INFO | train [691/769] audio_701.wav | 60.1s audio | 84 words | 2.3s | eta 3 min
2026-10-07 06:37:29 | INFO | train [692/769] audio_5044.wav | 24.1s audio | 33 words | 0.7s | eta 3 min
2026-10-07 06:37:31 | INFO | train [693/769] audio_734.wav | 60.1s audio | 124 words | 2.4s | eta 3 min
2026-10-07 06:37:33 | INFO | train [694/769] audio_51.wav | 44.9s audio | 79 words | 1.7s | eta 3 min
2026-10-07 06:37:35 | INFO | train [695/769] audio_704.wav | 60.1s audio | 60 words | 1.9s | eta 3 min
2026-10-07 06:37:36 | INFO | train [696/769] audio_129.wav | 45.1s audio | 85 words | 1.6s | eta 3 min
2026-10-07 06:37:39 | INFO | train [697/769] audio_107.wav | 45.1s audio | 119 words | 2.3s | eta 3 min
2026-10-07 06:37:41 | INFO | train [698/769] audio_143.wav | 54.4s audio | 105 words | 2.0s | eta 3 min
2026-10-07 06:37:43 | INFO | train [699/769] audio_458.wav | 57.4s audio | 142 words | 2.7s | eta 3 min
2026-10-07 06:37:46 | INFO | train [700/769] audio_424.wav | 60.1s audio | 106 words | 2.5s | eta 3 min
2026-10-07 06:37:49 | INFO | train [701/769] audio_563.wav | 60.0s audio | 106 words | 2.8s | eta 3 min
2026-10-07 06:37:51 | INFO | train [702/769] audio_625.wav | 60.1s audio | 73 words | 2.1s | eta 3 min
2026-10-07 06:37:53 | INFO | train [703/769] audio_302.wav | 60.1s audio | 98 words | 2.4s | eta 3 min
2026-10-07 06:37:56 | INFO | train [704/769] audio_154.wav | 60.1s audio | 93 words | 2.4s | eta 3 min
2026-10-07 06:37:57 | INFO | train [705/769] audio_754.wav | 46.2s audio | 84 words | 1.7s | eta 3 min
2026-10-07 06:38:00 | INFO | train [706/769] audio_749.wav | 60.1s audio | 83 words | 2.3s | eta 3 min
2026-10-07 06:38:03 | INFO | train [707/769] audio_366.wav | 60.1s audio | 143 words | 2.9s | eta 3 min
2026-10-07 06:38:04 | INFO | train [708/769] audio_693.wav | 24.9s audio | 65 words | 1.3s | eta 3 min
2026-10-07 06:38:07 | INFO | train [709/769] audio_608.wav | 45.8s audio | 112 words | 2.8s | eta 2 min
2026-10-07 06:38:10 | INFO | train [710/769] audio_220.wav | 60.1s audio | 147 words | 3.7s | eta 2 min
2026-10-07 06:38:13 | INFO | train [711/769] audio_761.wav | 60.1s audio | 108 words | 2.9s | eta 2 min
2026-10-07 06:38:16 | INFO | train [712/769] audio_640.wav | 60.1s audio | 88 words | 2.4s | eta 2 min
2026-10-07 06:38:18 | INFO | train [713/769] audio_67.wav | 60.1s audio | 120 words | 2.6s | eta 2 min
2026-10-07 06:38:21 | INFO | train [714/769] audio_299.wav | 60.1s audio | 109 words | 3.0s | eta 2 min
2026-10-07 06:38:24 | INFO | train [715/769] audio_102.wav | 45.1s audio | 96 words | 2.3s | eta 2 min
2026-10-07 06:38:26 | INFO | train [716/769] audio_258.wav | 60.1s audio | 65 words | 2.1s | eta 2 min
2026-10-07 06:38:29 | INFO | train [717/769] audio_679.wav | 60.1s audio | 131 words | 3.5s | eta 2 min
2026-10-07 06:38:31 | INFO | train [718/769] audio_82.wav | 45.1s audio | 71 words | 1.8s | eta 2 min
2026-10-07 06:38:34 | INFO | train [719/769] audio_325.wav | 58.0s audio | 110 words | 2.7s | eta 2 min
2026-10-07 06:38:36 | INFO | train [720/769] audio_399.wav | 60.1s audio | 130 words | 2.7s | eta 2 min
2026-10-07 06:38:37 | INFO | train [721/769] audio_285.wav | 22.1s audio | 46 words | 0.9s | eta 2 min
2026-10-07 06:38:40 | INFO | train [722/769] audio_784.wav | 60.6s audio | 86 words | 2.6s | eta 2 min
2026-10-07 06:38:42 | INFO | train [723/769] audio_0.wav | 45.1s audio | 89 words | 1.9s | eta 2 min
2026-10-07 06:38:45 | INFO | train [724/769] audio_435.wav | 61.0s audio | 137 words | 3.4s | eta 2 min
2026-10-07 06:38:48 | INFO | train [725/769] audio_91.wav | 45.1s audio | 84 words | 2.8s | eta 2 min
2026-10-07 06:38:50 | INFO | train [726/769] audio_109.wav | 45.1s audio | 88 words | 2.1s | eta 2 min
2026-10-07 06:38:52 | INFO | train [727/769] audio_772.wav | 60.1s audio | 55 words | 2.1s | eta 2 min
2026-10-07 06:38:55 | INFO | train [728/769] audio_270.wav | 60.1s audio | 124 words | 2.9s | eta 2 min
2026-10-07 06:38:58 | INFO | train [729/769] audio_528.wav | 60.1s audio | 133 words | 3.0s | eta 2 min
2026-10-07 06:39:01 | INFO | train [730/769] audio_441.wav | 60.1s audio | 107 words | 2.7s | eta 2 min
2026-10-07 06:39:04 | INFO | train [731/769] audio_381.wav | 60.1s audio | 130 words | 2.9s | eta 2 min
2026-10-07 06:39:06 | INFO | train [732/769] audio_86.wav | 45.1s audio | 77 words | 1.8s | eta 2 min
2026-10-07 06:39:08 | INFO | train [733/769] audio_101.wav | 45.1s audio | 102 words | 2.0s | eta 1 min
2026-10-07 06:39:10 | INFO | train [734/769] audio_333.wav | 60.1s audio | 103 words | 2.7s | eta 1 min
2026-10-07 06:39:13 | INFO | train [735/769] audio_149.wav | 59.5s audio | 109 words | 2.6s | eta 1 min
2026-10-07 06:39:16 | INFO | train [736/769] audio_719.wav | 60.0s audio | 139 words | 2.9s | eta 1 min
2026-10-07 06:39:18 | INFO | train [737/769] audio_638.wav | 60.1s audio | 109 words | 2.5s | eta 1 min
2026-10-07 06:39:21 | INFO | train [738/769] audio_147.wav | 60.1s audio | 110 words | 2.5s | eta 1 min
2026-10-07 06:39:22 | INFO | train [739/769] audio_62.wav | 44.0s audio | 80 words | 1.7s | eta 1 min
2026-10-07 06:39:25 | INFO | train [740/769] audio_763.wav | 60.2s audio | 126 words | 2.8s | eta 1 min
2026-10-07 06:39:27 | INFO | train [741/769] audio_498.wav | 60.1s audio | 70 words | 2.0s | eta 1 min
2026-10-07 06:39:29 | INFO | train [742/769] audio_1.wav | 45.1s audio | 106 words | 1.9s | eta 1 min
2026-10-07 06:39:32 | INFO | train [743/769] audio_304.wav | 60.1s audio | 115 words | 2.8s | eta 1 min
2026-10-07 06:39:34 | INFO | train [744/769] audio_347.wav | 60.1s audio | 103 words | 2.3s | eta 1 min
2026-10-07 06:39:36 | INFO | train [745/769] audio_560.wav | 60.1s audio | 99 words | 2.2s | eta 1 min
2026-10-07 06:39:39 | INFO | train [746/769] audio_452.wav | 61.0s audio | 116 words | 2.6s | eta 1 min
2026-10-07 06:39:41 | INFO | train [747/769] audio_716.wav | 60.1s audio | 111 words | 2.5s | eta 1 min
2026-10-07 06:39:44 | INFO | train [748/769] audio_473.wav | 61.0s audio | 96 words | 2.3s | eta 1 min
2026-10-07 06:39:46 | INFO | train [749/769] audio_95.wav | 45.1s audio | 97 words | 2.1s | eta 1 min
2026-10-07 06:39:49 | INFO | train [750/769] audio_732.wav | 60.1s audio | 115 words | 3.0s | eta 1 min
2026-10-07 06:39:52 | INFO | train [751/769] audio_292.wav | 60.0s audio | 143 words | 3.0s | eta 1 min
2026-10-07 06:39:55 | INFO | train [752/769] audio_469.wav | 60.1s audio | 131 words | 2.9s | eta 1 min
2026-10-07 06:39:57 | INFO | train [753/769] audio_329.wav | 60.1s audio | 113 words | 2.6s | eta 1 min
2026-10-07 06:40:00 | INFO | train [754/769] audio_169.wav | 60.1s audio | 100 words | 2.4s | eta 1 min
2026-10-07 06:40:02 | INFO | train [755/769] audio_174.wav | 60.1s audio | 126 words | 2.6s | eta 1 min
2026-10-07 06:40:05 | INFO | train [756/769] audio_513.wav | 60.1s audio | 70 words | 2.3s | eta 1 min
2026-10-07 06:40:08 | INFO | train [757/769] audio_584.wav | 60.1s audio | 117 words | 3.5s | eta 0 min
2026-10-07 06:40:11 | INFO | train [758/769] audio_345.wav | 60.1s audio | 131 words | 3.1s | eta 0 min
2026-10-07 06:40:13 | INFO | train [759/769] audio_750.wav | 60.1s audio | 97 words | 2.2s | eta 0 min
2026-10-07 06:40:15 | INFO | train [760/769] audio_116.wav | 45.1s audio | 98 words | 1.9s | eta 0 min
2026-10-07 06:40:17 | INFO | train [761/769] audio_114.wav | 45.0s audio | 90 words | 1.7s | eta 0 min
2026-10-07 06:40:19 | INFO | train [762/769] audio_157.wav | 61.0s audio | 97 words | 2.4s | eta 0 min
2026-10-07 06:40:23 | INFO | train [763/769] audio_385.wav | 60.1s audio | 120 words | 3.4s | eta 0 min
2026-10-07 06:40:25 | INFO | train [764/769] audio_264.wav | 60.1s audio | 56 words | 2.0s | eta 0 min
2026-10-07 06:40:28 | INFO | train [765/769] audio_390.wav | 60.1s audio | 137 words | 3.0s | eta 0 min
2026-10-07 06:40:31 | INFO | train [766/769] audio_766.wav | 60.1s audio | 101 words | 3.6s | eta 0 min
2026-10-07 06:40:33 | INFO | train [767/769] audio_571.wav | 49.5s audio | 87 words | 2.1s | eta 0 min
2026-10-07 06:40:36 | INFO | train [768/769] audio_393.wav | 60.0s audio | 121 words | 2.6s | eta 0 min
2026-10-07 06:40:38 | INFO | train [769/769] audio_691.wav | 39.3s audio | 115 words | 1.9s | eta 0 min
2026-10-07 06:40:38 | INFO | train done in 31.6 min
2026-10-07 06:40:38 | INFO | test: 216 files, 0 already done, 216 to go
2026-10-07 06:40:40 | INFO | test [1/216] audio_128.wav | 45.1s audio | 91 words | 2.1s | eta 8 min
2026-10-07 06:40:42 | INFO | test [2/216] audio_156.wav | 45.0s audio | 67 words | 1.5s | eta 7 min
2026-10-07 06:40:44 | INFO | test [3/216] audio_19.wav | 45.0s audio | 102 words | 2.0s | eta 7 min
2026-10-07 06:40:46 | INFO | test [4/216] audio_108.wav | 59.0s audio | 70 words | 2.1s | eta 7 min
2026-10-07 06:40:48 | INFO | test [5/216] audio_206.wav | 45.0s audio | 90 words | 2.2s | eta 7 min
2026-10-07 06:40:50 | INFO | test [6/216] audio_161.wav | 45.1s audio | 100 words | 2.2s | eta 7 min
2026-10-07 06:40:53 | INFO | test [7/216] audio_215.wav | 44.8s audio | 104 words | 2.9s | eta 8 min
2026-10-07 06:40:55 | INFO | test [8/216] audio_213.wav | 45.1s audio | 61 words | 1.9s | eta 7 min
2026-10-07 06:40:57 | INFO | test [9/216] audio_11.wav | 45.1s audio | 74 words | 1.9s | eta 7 min
2026-10-07 06:40:59 | INFO | test [10/216] audio_155.wav | 44.9s audio | 89 words | 2.0s | eta 7 min
2026-10-07 06:41:01 | INFO | test [11/216] audio_39.wav | 60.1s audio | 125 words | 2.7s | eta 7 min
2026-10-07 06:41:03 | INFO | test [12/216] audio_168.wav | 45.1s audio | 77 words | 1.9s | eta 7 min
2026-10-07 06:41:06 | INFO | test [13/216] audio_133.wav | 45.1s audio | 96 words | 2.3s | eta 7 min
2026-10-07 06:41:06 | INFO | test [14/216] audio_28.wav | 18.6s audio | 36 words | 0.8s | eta 7 min
2026-10-07 06:41:09 | INFO | test [15/216] audio_40.wav | 60.1s audio | 122 words | 2.6s | eta 7 min
2026-10-07 06:41:11 | INFO | test [16/216] audio_181.wav | 44.7s audio | 114 words | 2.1s | eta 7 min
2026-10-07 06:41:13 | INFO | test [17/216] audio_201.wav | 46.0s audio | 111 words | 2.1s | eta 7 min
2026-10-07 06:41:15 | INFO | test [18/216] audio_182.wav | 45.1s audio | 113 words | 2.1s | eta 7 min
2026-10-07 06:41:17 | INFO | test [19/216] audio_126.wav | 45.0s audio | 80 words | 1.9s | eta 7 min
2026-10-07 06:41:19 | INFO | test [20/216] audio_10.wav | 45.1s audio | 98 words | 1.9s | eta 7 min
2026-10-07 06:41:21 | INFO | test [21/216] audio_134.wav | 45.1s audio | 76 words | 1.7s | eta 7 min
2026-10-07 06:41:24 | INFO | test [22/216] audio_69.wav | 60.1s audio | 118 words | 2.9s | eta 7 min
2026-10-07 06:41:26 | INFO | test [23/216] audio_112.wav | 43.0s audio | 75 words | 1.8s | eta 7 min
2026-10-07 06:41:28 | INFO | test [24/216] audio_180.wav | 45.1s audio | 84 words | 1.9s | eta 7 min
2026-10-07 06:41:31 | INFO | test [25/216] audio_177.wav | 45.1s audio | 91 words | 3.1s | eta 7 min
2026-10-07 06:41:33 | INFO | test [26/216] audio_77.wav | 60.1s audio | 155 words | 2.9s | eta 7 min
2026-10-07 06:41:36 | INFO | test [27/216] audio_111.wav | 60.1s audio | 132 words | 2.9s | eta 7 min
2026-10-07 06:41:38 | INFO | test [28/216] audio_18.wav | 45.1s audio | 77 words | 1.7s | eta 7 min
2026-10-07 06:41:40 | INFO | test [29/216] audio_175.wav | 45.1s audio | 95 words | 2.0s | eta 7 min
2026-10-07 06:41:42 | INFO | test [30/216] audio_33.wav | 51.1s audio | 98 words | 1.6s | eta 7 min
2026-10-07 06:41:44 | INFO | test [31/216] audio_15.wav | 45.1s audio | 102 words | 2.0s | eta 7 min
2026-10-07 06:41:46 | INFO | test [32/216] audio_4.wav | 41.4s audio | 98 words | 2.1s | eta 7 min
2026-10-07 06:41:48 | INFO | test [33/216] audio_27.wav | 60.1s audio | 92 words | 2.2s | eta 6 min
2026-10-07 06:41:50 | INFO | test [34/216] audio_96.wav | 41.4s audio | 88 words | 1.9s | eta 6 min
2026-10-07 06:41:52 | INFO | test [35/216] audio_116.wav | 45.1s audio | 104 words | 2.0s | eta 6 min
2026-10-07 06:41:54 | INFO | test [36/216] audio_1.wav | 45.1s audio | 117 words | 2.2s | eta 6 min
2026-10-07 06:41:56 | INFO | test [37/216] audio_22.wav | 44.8s audio | 107 words | 2.1s | eta 6 min
2026-10-07 06:41:59 | INFO | test [38/216] audio_114.wav | 45.1s audio | 105 words | 2.4s | eta 6 min
2026-10-07 06:42:00 | INFO | test [39/216] audio_146.wav | 41.3s audio | 90 words | 1.8s | eta 6 min
2026-10-07 06:42:04 | INFO | test [40/216] audio_46.wav | 60.6s audio | 153 words | 3.2s | eta 6 min
2026-10-07 06:42:05 | INFO | test [41/216] audio_144.wav | 45.1s audio | 101 words | 1.8s | eta 6 min
2026-10-07 06:42:08 | INFO | test [42/216] audio_75.wav | 60.1s audio | 113 words | 2.7s | eta 6 min
2026-10-07 06:42:10 | INFO | test [43/216] audio_200.wav | 44.9s audio | 86 words | 1.8s | eta 6 min
2026-10-07 06:42:12 | INFO | test [44/216] audio_196.wav | 45.1s audio | 97 words | 1.8s | eta 6 min
2026-10-07 06:42:14 | INFO | test [45/216] audio_190.wav | 44.6s audio | 118 words | 2.0s | eta 6 min
2026-10-07 06:42:16 | INFO | test [46/216] audio_158.wav | 45.1s audio | 78 words | 1.8s | eta 6 min
2026-10-07 06:42:18 | INFO | test [47/216] audio_17.wav | 45.1s audio | 90 words | 2.2s | eta 6 min
2026-10-07 06:42:21 | INFO | test [48/216] audio_105.wav | 60.1s audio | 121 words | 3.1s | eta 6 min
2026-10-07 06:42:23 | INFO | test [49/216] audio_141.wav | 44.8s audio | 74 words | 1.8s | eta 6 min
2026-10-07 06:42:25 | INFO | test [50/216] audio_129.wav | 45.1s audio | 92 words | 2.0s | eta 6 min
2026-10-07 06:42:27 | INFO | test [51/216] audio_6.wav | 45.0s audio | 111 words | 2.2s | eta 6 min
2026-10-07 06:42:30 | INFO | test [52/216] audio_70.wav | 52.7s audio | 153 words | 2.9s | eta 6 min
2026-10-07 06:42:32 | INFO | test [53/216] audio_35.wav | 60.1s audio | 108 words | 2.6s | eta 6 min
2026-10-07 06:42:34 | INFO | test [54/216] audio_203.wav | 45.0s audio | 107 words | 2.1s | eta 6 min
2026-10-07 06:42:36 | INFO | test [55/216] audio_90.wav | 45.0s audio | 76 words | 1.7s | eta 6 min
2026-10-07 06:42:38 | INFO | test [56/216] audio_16.wav | 45.1s audio | 73 words | 1.7s | eta 6 min
2026-10-07 06:42:40 | INFO | test [57/216] audio_138.wav | 45.1s audio | 90 words | 2.2s | eta 6 min
2026-10-07 06:42:42 | INFO | test [58/216] audio_100.wav | 45.1s audio | 101 words | 1.8s | eta 6 min
2026-10-07 06:42:44 | INFO | test [59/216] audio_115.wav | 45.1s audio | 100 words | 1.9s | eta 6 min
2026-10-07 06:42:45 | INFO | test [60/216] audio_118.wav | 45.1s audio | 71 words | 1.6s | eta 6 min
2026-10-07 06:42:47 | INFO | test [61/216] audio_137.wav | 45.1s audio | 117 words | 2.2s | eta 5 min
2026-10-07 06:42:49 | INFO | test [62/216] audio_101.wav | 42.5s audio | 110 words | 2.0s | eta 5 min
2026-10-07 06:42:51 | INFO | test [63/216] audio_193.wav | 44.4s audio | 87 words | 1.8s | eta 5 min
2026-10-07 06:42:54 | INFO | test [64/216] audio_102.wav | 59.9s audio | 146 words | 2.8s | eta 5 min
2026-10-07 06:42:58 | INFO | test [65/216] audio_52.wav | 60.1s audio | 153 words | 3.6s | eta 5 min
2026-10-07 06:42:59 | INFO | test [66/216] audio_172.wav | 41.6s audio | 85 words | 1.6s | eta 5 min
2026-10-07 06:43:01 | INFO | test [67/216] audio_191.wav | 45.1s audio | 69 words | 1.9s | eta 5 min
2026-10-07 06:43:03 | INFO | test [68/216] audio_194.wav | 45.1s audio | 104 words | 2.0s | eta 5 min
2026-10-07 06:43:06 | INFO | test [69/216] audio_67.wav | 60.1s audio | 101 words | 2.6s | eta 5 min
2026-10-07 06:43:08 | INFO | test [70/216] audio_160.wav | 45.1s audio | 77 words | 1.7s | eta 5 min
2026-10-07 06:43:09 | INFO | test [71/216] audio_179.wav | 45.1s audio | 85 words | 1.7s | eta 5 min
2026-10-07 06:43:12 | INFO | test [72/216] audio_55.wav | 60.1s audio | 126 words | 2.7s | eta 5 min
2026-10-07 06:43:14 | INFO | test [73/216] audio_145.wav | 45.1s audio | 86 words | 1.7s | eta 5 min
2026-10-07 06:43:16 | INFO | test [74/216] audio_197.wav | 45.1s audio | 92 words | 2.4s | eta 5 min
2026-10-07 06:43:18 | INFO | test [75/216] audio_139.wav | 42.8s audio | 81 words | 1.7s | eta 5 min
2026-10-07 06:43:19 | INFO | test [76/216] audio_91.wav | 43.3s audio | 89 words | 1.6s | eta 5 min
2026-10-07 06:43:21 | INFO | test [77/216] audio_8.wav | 57.5s audio | 64 words | 2.1s | eta 5 min
2026-10-07 06:43:23 | INFO | test [78/216] audio_136.wav | 42.2s audio | 74 words | 2.0s | eta 5 min
2026-10-07 06:43:26 | INFO | test [79/216] audio_199.wav | 45.1s audio | 95 words | 2.9s | eta 5 min
2026-10-07 06:43:29 | INFO | test [80/216] audio_110.wav | 60.1s audio | 143 words | 2.9s | eta 5 min
2026-10-07 06:43:31 | INFO | test [81/216] audio_208.wav | 45.1s audio | 89 words | 1.9s | eta 5 min
2026-10-07 06:43:33 | INFO | test [82/216] audio_152.wav | 44.8s audio | 103 words | 2.2s | eta 5 min
2026-10-07 06:43:36 | INFO | test [83/216] audio_94.wav | 45.1s audio | 103 words | 2.2s | eta 5 min
2026-10-07 06:43:38 | INFO | test [84/216] audio_174.wav | 45.1s audio | 77 words | 2.6s | eta 5 min
2026-10-07 06:43:41 | INFO | test [85/216] audio_23.wav | 46.0s audio | 118 words | 3.1s | eta 5 min
2026-10-07 06:43:44 | INFO | test [86/216] audio_56.wav | 60.1s audio | 140 words | 2.6s | eta 5 min
2026-10-07 06:43:46 | INFO | test [87/216] audio_97.wav | 45.1s audio | 79 words | 1.6s | eta 5 min
2026-10-07 06:43:47 | INFO | test [88/216] audio_148.wav | 45.1s audio | 107 words | 1.8s | eta 5 min
2026-10-07 06:43:50 | INFO | test [89/216] audio_59.wav | 60.1s audio | 118 words | 2.3s | eta 5 min
2026-10-07 06:43:51 | INFO | test [90/216] audio_5.wav | 36.7s audio | 84 words | 1.8s | eta 5 min
2026-10-07 06:43:54 | INFO | test [91/216] audio_119.wav | 45.1s audio | 131 words | 2.7s | eta 4 min
2026-10-07 06:43:56 | INFO | test [92/216] audio_80.wav | 56.1s audio | 103 words | 2.0s | eta 4 min
2026-10-07 06:43:59 | INFO | test [93/216] audio_58.wav | 60.1s audio | 137 words | 2.6s | eta 4 min
2026-10-07 06:44:01 | INFO | test [94/216] audio_123.wav | 45.1s audio | 86 words | 1.7s | eta 4 min
2026-10-07 06:44:02 | INFO | test [95/216] audio_188.wav | 45.1s audio | 83 words | 1.9s | eta 4 min
2026-10-07 06:44:04 | INFO | test [96/216] audio_121.wav | 45.1s audio | 89 words | 1.9s | eta 4 min
2026-10-07 06:44:05 | INFO | test [97/216] audio_107.wav | 6.5s audio | 8 words | 0.5s | eta 4 min
2026-10-07 06:44:07 | INFO | test [98/216] audio_214.wav | 46.0s audio | 108 words | 2.3s | eta 4 min
2026-10-07 06:44:10 | INFO | test [99/216] audio_73.wav | 60.1s audio | 127 words | 2.7s | eta 4 min
2026-10-07 06:44:12 | INFO | test [100/216] audio_169.wav | 45.1s audio | 96 words | 2.0s | eta 4 min
2026-10-07 06:44:14 | INFO | test [101/216] audio_7.wav | 45.0s audio | 139 words | 2.3s | eta 4 min
2026-10-07 06:44:16 | INFO | test [102/216] audio_42.wav | 54.6s audio | 95 words | 1.9s | eta 4 min
2026-10-07 06:44:19 | INFO | test [103/216] audio_88.wav | 60.1s audio | 139 words | 3.2s | eta 4 min
2026-10-07 06:44:21 | INFO | test [104/216] audio_64.wav | 60.1s audio | 61 words | 2.0s | eta 4 min
2026-10-07 06:44:23 | INFO | test [105/216] audio_195.wav | 45.0s audio | 80 words | 1.8s | eta 4 min
2026-10-07 06:44:26 | INFO | test [106/216] audio_57.wav | 60.1s audio | 147 words | 3.0s | eta 4 min
2026-10-07 06:44:28 | INFO | test [107/216] audio_13.wav | 45.1s audio | 88 words | 1.6s | eta 4 min
2026-10-07 06:44:29 | INFO | test [108/216] audio_125.wav | 45.1s audio | 85 words | 1.8s | eta 4 min
2026-10-07 06:44:32 | INFO | test [109/216] audio_209.wav | 45.1s audio | 102 words | 2.2s | eta 4 min
2026-10-07 06:44:34 | INFO | test [110/216] audio_211.wav | 44.9s audio | 92 words | 2.1s | eta 4 min
2026-10-07 06:44:36 | INFO | test [111/216] audio_63.wav | 60.1s audio | 107 words | 2.5s | eta 4 min
2026-10-07 06:44:39 | INFO | test [112/216] audio_86.wav | 60.1s audio | 105 words | 2.7s | eta 4 min
2026-10-07 06:44:41 | INFO | test [113/216] audio_78.wav | 60.1s audio | 114 words | 2.7s | eta 4 min
2026-10-07 06:44:44 | INFO | test [114/216] audio_38.wav | 60.1s audio | 78 words | 2.5s | eta 4 min
2026-10-07 06:44:46 | INFO | test [115/216] audio_186.wav | 45.1s audio | 90 words | 1.9s | eta 4 min
2026-10-07 06:44:48 | INFO | test [116/216] audio_154.wav | 45.1s audio | 73 words | 1.7s | eta 4 min
2026-10-07 06:44:50 | INFO | test [117/216] audio_21.wav | 45.1s audio | 85 words | 2.8s | eta 4 min
2026-10-07 06:44:52 | INFO | test [118/216] audio_120.wav | 49.2s audio | 82 words | 1.8s | eta 4 min
2026-10-07 06:44:54 | INFO | test [119/216] audio_183.wav | 45.1s audio | 105 words | 2.0s | eta 3 min
2026-10-07 06:44:56 | INFO | test [120/216] audio_25.wav | 46.0s audio | 109 words | 2.2s | eta 3 min
2026-10-07 06:44:59 | INFO | test [121/216] audio_122.wav | 45.1s audio | 108 words | 2.2s | eta 3 min
2026-10-07 06:45:01 | INFO | test [122/216] audio_36.wav | 60.1s audio | 142 words | 2.9s | eta 3 min
2026-10-07 06:45:04 | INFO | test [123/216] audio_76.wav | 60.1s audio | 154 words | 3.1s | eta 3 min
2026-10-07 06:45:06 | INFO | test [124/216] audio_163.wav | 41.9s audio | 51 words | 1.6s | eta 3 min
2026-10-07 06:45:09 | INFO | test [125/216] audio_83.wav | 60.1s audio | 110 words | 2.7s | eta 3 min
2026-10-07 06:45:11 | INFO | test [126/216] audio_103.wav | 60.5s audio | 66 words | 2.2s | eta 3 min
2026-10-07 06:45:13 | INFO | test [127/216] audio_93.wav | 45.1s audio | 112 words | 2.1s | eta 3 min
2026-10-07 06:45:15 | INFO | test [128/216] audio_26.wav | 44.3s audio | 93 words | 2.0s | eta 3 min
2026-10-07 06:45:18 | INFO | test [129/216] audio_72.wav | 60.1s audio | 146 words | 2.9s | eta 3 min
2026-10-07 06:45:20 | INFO | test [130/216] audio_210.wav | 45.7s audio | 123 words | 2.2s | eta 3 min
2026-10-07 06:45:22 | INFO | test [131/216] audio_104.wav | 41.7s audio | 55 words | 1.7s | eta 3 min
2026-10-07 06:45:25 | INFO | test [132/216] audio_81.wav | 60.0s audio | 123 words | 2.7s | eta 3 min
2026-10-07 06:45:26 | INFO | test [133/216] audio_166.wav | 45.1s audio | 88 words | 1.8s | eta 3 min
2026-10-07 06:45:29 | INFO | test [134/216] audio_202.wav | 45.0s audio | 108 words | 2.2s | eta 3 min
2026-10-07 06:45:31 | INFO | test [135/216] audio_185.wav | 45.1s audio | 99 words | 1.9s | eta 3 min
2026-10-07 06:45:34 | INFO | test [136/216] audio_9.wav | 60.0s audio | 94 words | 3.1s | eta 3 min
2026-10-07 06:45:36 | INFO | test [137/216] audio_207.wav | 45.3s audio | 92 words | 1.9s | eta 3 min
2026-10-07 06:45:38 | INFO | test [138/216] audio_127.wav | 45.0s audio | 101 words | 2.5s | eta 3 min
2026-10-07 06:45:40 | INFO | test [139/216] audio_12.wav | 38.5s audio | 76 words | 1.6s | eta 3 min
2026-10-07 06:45:42 | INFO | test [140/216] audio_132.wav | 45.1s audio | 86 words | 2.0s | eta 3 min
2026-10-07 06:45:44 | INFO | test [141/216] audio_109.wav | 59.8s audio | 76 words | 2.6s | eta 3 min
2026-10-07 06:45:47 | INFO | test [142/216] audio_32.wav | 52.7s audio | 110 words | 2.7s | eta 3 min
2026-10-07 06:45:49 | INFO | test [143/216] audio_178.wav | 45.2s audio | 87 words | 2.0s | eta 3 min
2026-10-07 06:45:52 | INFO | test [144/216] audio_61.wav | 60.1s audio | 118 words | 3.3s | eta 3 min
2026-10-07 06:45:56 | INFO | test [145/216] audio_34.wav | 60.1s audio | 118 words | 3.3s | eta 3 min
2026-10-07 06:45:57 | INFO | test [146/216] audio_106.wav | 37.9s audio | 54 words | 1.9s | eta 3 min
2026-10-07 06:46:01 | INFO | test [147/216] audio_49.wav | 60.1s audio | 104 words | 3.1s | eta 3 min
2026-10-07 06:46:02 | INFO | test [148/216] audio_149.wav | 42.1s audio | 85 words | 1.7s | eta 2 min
2026-10-07 06:46:05 | INFO | test [149/216] audio_30.wav | 60.1s audio | 111 words | 2.7s | eta 2 min
2026-10-07 06:46:07 | INFO | test [150/216] audio_131.wav | 45.0s audio | 97 words | 1.8s | eta 2 min
2026-10-07 06:46:09 | INFO | test [151/216] audio_162.wav | 43.1s audio | 101 words | 1.8s | eta 2 min
2026-10-07 06:46:11 | INFO | test [152/216] audio_204.wav | 45.0s audio | 96 words | 2.0s | eta 2 min
2026-10-07 06:46:13 | INFO | test [153/216] audio_198.wav | 45.2s audio | 109 words | 1.9s | eta 2 min
2026-10-07 06:46:14 | INFO | test [154/216] audio_135.wav | 43.6s audio | 87 words | 2.0s | eta 2 min
2026-10-07 06:46:16 | INFO | test [155/216] audio_187.wav | 45.1s audio | 86 words | 1.8s | eta 2 min
2026-10-07 06:46:18 | INFO | test [156/216] audio_3.wav | 45.0s audio | 100 words | 1.8s | eta 2 min
2026-10-07 06:46:20 | INFO | test [157/216] audio_98.wav | 45.1s audio | 130 words | 2.0s | eta 2 min
2026-10-07 06:46:22 | INFO | test [158/216] audio_159.wav | 45.1s audio | 90 words | 2.2s | eta 2 min
2026-10-07 06:46:24 | INFO | test [159/216] audio_167.wav | 45.1s audio | 71 words | 1.7s | eta 2 min
2026-10-07 06:46:25 | INFO | test [160/216] audio_205.wav | 44.8s audio | 74 words | 1.6s | eta 2 min
2026-10-07 06:46:27 | INFO | test [161/216] audio_95.wav | 45.1s audio | 77 words | 1.5s | eta 2 min
2026-10-07 06:46:30 | INFO | test [162/216] audio_68.wav | 60.1s audio | 144 words | 3.2s | eta 2 min
2026-10-07 06:46:32 | INFO | test [163/216] audio_31.wav | 60.1s audio | 115 words | 2.3s | eta 2 min
2026-10-07 06:46:34 | INFO | test [164/216] audio_157.wav | 44.9s audio | 81 words | 1.9s | eta 2 min
2026-10-07 06:46:37 | INFO | test [165/216] audio_89.wav | 60.1s audio | 131 words | 2.6s | eta 2 min
2026-10-07 06:46:39 | INFO | test [166/216] audio_82.wav | 60.1s audio | 93 words | 2.3s | eta 2 min
2026-10-07 06:46:42 | INFO | test [167/216] audio_53.wav | 60.1s audio | 148 words | 3.0s | eta 2 min
2026-10-07 06:46:45 | INFO | test [168/216] audio_37.wav | 60.1s audio | 167 words | 2.8s | eta 2 min
2026-10-07 06:46:47 | INFO | test [169/216] audio_113.wav | 45.1s audio | 114 words | 2.0s | eta 2 min
2026-10-07 06:46:50 | INFO | test [170/216] audio_85.wav | 60.1s audio | 159 words | 3.1s | eta 2 min
2026-10-07 06:46:52 | INFO | test [171/216] audio_173.wav | 45.1s audio | 99 words | 2.1s | eta 2 min
2026-10-07 06:46:55 | INFO | test [172/216] audio_41.wav | 60.1s audio | 134 words | 3.2s | eta 2 min
2026-10-07 06:46:58 | INFO | test [173/216] audio_51.wav | 60.1s audio | 144 words | 2.7s | eta 2 min
2026-10-07 06:47:00 | INFO | test [174/216] audio_143.wav | 45.1s audio | 93 words | 2.2s | eta 2 min
2026-10-07 06:47:03 | INFO | test [175/216] audio_92.wav | 45.1s audio | 102 words | 2.2s | eta 2 min
2026-10-07 06:47:05 | INFO | test [176/216] audio_74.wav | 60.1s audio | 159 words | 3.0s | eta 1 min
2026-10-07 06:47:07 | INFO | test [177/216] audio_0.wav | 45.1s audio | 83 words | 2.0s | eta 1 min
2026-10-07 06:47:10 | INFO | test [178/216] audio_147.wav | 45.1s audio | 125 words | 2.3s | eta 1 min
2026-10-07 06:47:12 | INFO | test [179/216] audio_130.wav | 45.1s audio | 99 words | 1.9s | eta 1 min
2026-10-07 06:47:14 | INFO | test [180/216] audio_192.wav | 45.1s audio | 93 words | 1.9s | eta 1 min
2026-10-07 06:47:17 | INFO | test [181/216] audio_43.wav | 60.5s audio | 165 words | 3.3s | eta 1 min
2026-10-07 06:47:19 | INFO | test [182/216] audio_65.wav | 60.1s audio | 82 words | 2.3s | eta 1 min
2026-10-07 06:47:21 | INFO | test [183/216] audio_14.wav | 45.1s audio | 103 words | 2.2s | eta 1 min
2026-10-07 06:47:24 | INFO | test [184/216] audio_117.wav | 45.1s audio | 109 words | 2.6s | eta 1 min
2026-10-07 06:47:26 | INFO | test [185/216] audio_212.wav | 45.1s audio | 89 words | 2.1s | eta 1 min
2026-10-07 06:47:29 | INFO | test [186/216] audio_79.wav | 60.0s audio | 117 words | 2.9s | eta 1 min
2026-10-07 06:47:31 | INFO | test [187/216] audio_171.wav | 45.1s audio | 93 words | 2.1s | eta 1 min
2026-10-07 06:47:34 | INFO | test [188/216] audio_60.wav | 60.1s audio | 133 words | 3.0s | eta 1 min
2026-10-07 06:47:37 | INFO | test [189/216] audio_153.wav | 45.1s audio | 106 words | 2.5s | eta 1 min
2026-10-07 06:47:39 | INFO | test [190/216] audio_176.wav | 44.9s audio | 71 words | 2.0s | eta 1 min
2026-10-07 06:47:41 | INFO | test [191/216] audio_2.wav | 45.1s audio | 120 words | 2.6s | eta 1 min
2026-10-07 06:47:43 | INFO | test [192/216] audio_50.wav | 33.0s audio | 69 words | 1.9s | eta 1 min
2026-10-07 06:47:44 | INFO | test [193/216] audio_29.wav | 30.0s audio | 37 words | 1.4s | eta 1 min
2026-10-07 06:47:46 | INFO | test [194/216] audio_142.wav | 45.1s audio | 87 words | 2.0s | eta 1 min
2026-10-07 06:47:49 | INFO | test [195/216] audio_47.wav | 57.3s audio | 78 words | 2.2s | eta 1 min
2026-10-07 06:47:51 | INFO | test [196/216] audio_84.wav | 60.1s audio | 93 words | 2.4s | eta 1 min
2026-10-07 06:47:53 | INFO | test [197/216] audio_164.wav | 44.2s audio | 64 words | 1.5s | eta 1 min
2026-10-07 06:47:54 | INFO | test [198/216] audio_48.wav | 28.3s audio | 63 words | 1.1s | eta 1 min
2026-10-07 06:47:55 | INFO | test [199/216] audio_189.wav | 45.1s audio | 73 words | 1.7s | eta 1 min
2026-10-07 06:47:57 | INFO | test [200/216] audio_151.wav | 43.1s audio | 85 words | 1.8s | eta 1 min
2026-10-07 06:48:10 | INFO | test [201/216] audio_66.wav | 60.1s audio | 94 words | 13.2s | eta 1 min
2026-10-07 06:48:12 | INFO | test [202/216] audio_44.wav | 57.1s audio | 61 words | 1.7s | eta 1 min
2026-10-07 06:48:14 | INFO | test [203/216] audio_150.wav | 45.0s audio | 115 words | 2.1s | eta 0 min
2026-10-07 06:48:17 | INFO | test [204/216] audio_87.wav | 60.1s audio | 136 words | 3.0s | eta 0 min
2026-10-07 06:48:19 | INFO | test [205/216] audio_99.wav | 45.1s audio | 75 words | 1.7s | eta 0 min
2026-10-07 06:48:21 | INFO | test [206/216] audio_62.wav | 61.0s audio | 119 words | 2.5s | eta 0 min
2026-10-07 06:48:23 | INFO | test [207/216] audio_20.wav | 45.1s audio | 82 words | 1.8s | eta 0 min
2026-10-07 06:48:25 | INFO | test [208/216] audio_124.wav | 45.1s audio | 99 words | 2.1s | eta 0 min
2026-10-07 06:48:28 | INFO | test [209/216] audio_54.wav | 60.1s audio | 137 words | 2.9s | eta 0 min
2026-10-07 06:48:31 | INFO | test [210/216] audio_45.wav | 60.5s audio | 181 words | 3.3s | eta 0 min
2026-10-07 06:48:34 | INFO | test [211/216] audio_71.wav | 49.9s audio | 155 words | 2.6s | eta 0 min
2026-10-07 06:48:36 | INFO | test [212/216] audio_184.wav | 45.1s audio | 109 words | 2.0s | eta 0 min
2026-10-07 06:48:38 | INFO | test [213/216] audio_24.wav | 45.1s audio | 91 words | 2.1s | eta 0 min
2026-10-07 06:48:41 | INFO | test [214/216] audio_140.wav | 45.1s audio | 110 words | 2.5s | eta 0 min
2026-10-07 06:48:43 | INFO | test [215/216] audio_165.wav | 41.2s audio | 75 words | 1.8s | eta 0 min
2026-10-07 06:48:45 | INFO | test [216/216] audio_170.wav | 45.1s audio | 88 words | 2.0s | eta 0 min
2026-10-07 06:48:45 | INFO | test done in 8.1 min
